Workbook
Name aaaa0: #REF!
Name aaaa1: #REF!
Name aaaa10: #REF!
Name aaaa100: #REF!
Name aaaa1000: #REF!
Name aaaa10000: #REF!
Name aaaa1001: #REF!
Name aaaa1002: #REF!
Name aaaa1003: #REF!
Name aaaa1004: #REF!
Name aaaa1005: #REF!
Name aaaa1006: #REF!
Name aaaa1007: #REF!
Name aaaa1008: #REF!
Name aaaa1009: #REF!
Name aaaa101: #REF!
Name aaaa1010: #REF!
Name aaaa1011: #REF!
Name aaaa1012: #REF!
Name aaaa1013: #REF!
Name aaaa1014: #REF!
Name aaaa1015: #REF!
Name aaaa1016: #REF!
Name aaaa1017: #REF!
Name aaaa1018: #REF!
Name aaaa1019: #REF!
Name aaaa102: #REF!
Name aaaa1020: #REF!
Name aaaa1021: #REF!
Name aaaa1022: #REF!
Name aaaa1023: #REF!
Name aaaa1024: #REF!
Name aaaa1025: #REF!
Name aaaa1026: #REF!
Name aaaa1027: #REF!
Name aaaa1028: #REF!
Name aaaa1029: #REF!
Name aaaa103: #REF!
Name aaaa1030: #REF!
Name aaaa1031: #REF!
Name aaaa1032: #REF!
Name aaaa1033: #REF!
Name aaaa1034: #REF!
Name aaaa1035: #REF!
Name aaaa1036: #REF!
Name aaaa1037: #REF!
Name aaaa1038: #REF!
Name aaaa1039: #REF!
Name aaaa104: #REF!
Name aaaa1040: #REF!
Name aaaa1041: #REF!
Name aaaa1042: #REF!
Name aaaa1043: #REF!
Name aaaa1044: #REF!
Name aaaa1045: #REF!
Name aaaa1046: #REF!
Name aaaa1047: #REF!
Name aaaa1048: #REF!
Name aaaa1049: #REF!
Name aaaa105: #REF!

Sheet ExceliAdam
Z2: Newsletter (info o webinarach, pliki końcowe po webinarach itp.)
Z4: http://exceliadam.getleads.pl/newsletter/
R5: KURSY WIDEO | BF5: KSIĄŻKI
Z9: Mistrz Excela - wprowadzi Cię w tajniki Excela, od podstawowych zagadnień, przez tabele przestawne i wyszukiwanie pionowo | BN9: Nakład wyczerpany - książka dostępna w wersji elektornicznej
BN12: http://ksplus.komputerswiat.pl/sklep#mistrz-excela-w-20-dni
Z14: aż po wstęp do programowania VBA (rejestrowanie makr).
Z17: https://www.udemy.com/mistrz-excela/?couponCode=STANDARDOWY
Z21: Excel Mistrz Formuł - poznaj najczęściej wykorzystywane funkcje w Excelu
Z23: i stań się mistrzem formuł
Z26: https://www.udemy.com/excel-mistrz-formul/?couponCode=STANDARDOWY
Z32: Mistrz Power Query - poznaj tajniki pobierania, łączenia, przekształcania, grupowania, parametryzacji
BN34: Standardowa księgarnia
Z37: oraz tworzenia własnych funkcji w dodatku do Excela Power Query | BN37: https://literia.pl/excel-w-przykladach-zaawansowane-funkcje-krok-po-kroku
Z40: https://www.udemy.com/mistrz-power-query/?couponCode=STANDARDOWY | BN40: Książka w wersji elektronicznej:
Z43: Dashboardy w Excelu - kurs nauczy Cię prezentować dane na Panelach Menadżerskich, dzięki czemu będą bardziej czytelne | BN43: http://ksplus.komputerswiat.pl/sklep#biblioteczka-1-2016
Z48: oraz będziesz mógł wprowadzić w prezentacji dynamiczne elementy.
B51: http://www.ExceliAdam.pl | Z51: https://www.udemy.com/excel-dashboardy/?couponCode=STANDARDOWY
B54: Więcej wiedzy na YouTubie | Z54: VBA w 30 dni - kurs wprowadzi Cię w tajniki programowania w Excelu, czyli nauczy Cię jak rejestrować, pisać oraz automatycznie
B57: https://www.youtube.com/ExceliAdam
Z59: uruchamiać makra, a tym samym zautomatyzować wiele czynności w Excelu | BN59: Standardowa księgarnia
B60: Polub moją stronę na facebooku ;)
Z62: https://www.udemy.com/excel-vba-makra/?couponCode=STANDARDOWY | BN62: https://literia.pl/excel-50-najwazniejszych-funkcji
B63: https://web.facebook.com/ExceliAdam/
Z65: Power BI - nowe narzędzie Microsoftu, które pozwala Ci pobierać, analizować, a na koniec wizualizować dane | BN65: Książka w wersji elektronicznej:
BN68: http://ksplus.komputerswiat.pl/sklep#biblioteczka-2-2019
Z71: https://www.udemy.com/power-bi-microsoft/?couponCode=STANDARDOWY
Z77: W przypadku Standardowych linków promocyjnych warto sprawdzić czy Udemy nie ma aktualnie lepszej propozycji niż moja.
Z82: Czyli wejść przez podany przeze mnie link do kursu (żeby sprzadaż kursu została zaliczona dla mnie, a nie dla Udemy, wtedy mam większą prowizję, ze sprzedaży mojego kursu),
Z90: a następnie usunąć końcówkę: ?couponCode=STANDARDOWY

Sheet Suma
A1: Województwo | C1: Wszystkie
C3: Burza | D3: Chmura | E3: Tęcza | F3: Słońce | G3: Deszcz | H3: Grad
B4: Rozdział 01 - Konsolidacja | D4: =Dolnośląskie!$C$5 -> 6962 | E4: =Dolnośląskie!$D$5 -> 4756 | H4: =Dolnośląskie!$E$5 -> 1118
B5: Rozdział 01 - Konsolidacja | F5: =Lubelskie!$B$5 -> 7491 | G5: =Lubelskie!$C$5 -> 1583 | H5: =Lubelskie!$D$5 -> 3679
B6: Rozdział 01 - Konsolidacja | C6: =Świętokrzyskie!$B$5 -> 4500 | D6: =Świętokrzyskie!$C$5 -> 6031 | E6: =Świętokrzyskie!$E$5 -> 7271
A7: Alex | C7: =SUM(C4:C6) -> 4500 | D7: =SUM(D4:D6) -> 12993 | E7: =SUM(E4:E6) -> 12027 | F7: =SUM(F4:F6) -> 7491 | G7: =SUM(G4:G6) -> 1583 | H7: =SUM(H4:H6) -> 4797
B8: Rozdział 01 - Konsolidacja | C8: =Dolnośląskie!$B$6 -> 969 | D8: =Dolnośląskie!$C$6 -> 8052 | E8: =Dolnośląskie!$D$6 -> 6161 | H8: =Dolnośląskie!$E$6 -> 6589
B9: Rozdział 01 - Konsolidacja | F9: =Lubelskie!$B$6 -> 3303 | G9: =Lubelskie!$C$6 -> 6088 | H9: =Lubelskie!$D$6 -> 4338
B10: Rozdział 01 - Konsolidacja | C10: =Świętokrzyskie!$B$6 -> 4470 | D10: =Świętokrzyskie!$C$6 -> 4154 | E10: =Świętokrzyskie!$E$6 -> 2527 | G10: =Świętokrzyskie!$D$6 -> 2121
A11: Atylla | C11: =SUM(C8:C10) -> 5439 | D11: =SUM(D8:D10) -> 12206 | E11: =SUM(E8:E10) -> 8688 | F11: =SUM(F8:F10) -> 3303 | G11: =SUM(G8:G10) -> 8209 | H11: =SUM(H8:H10) -> 10927
B12: Rozdział 01 - Konsolidacja | C12: =Dolnośląskie!$B$7 -> 4694 | D12: =Dolnośląskie!$C$7 -> 1924 | E12: =Dolnośląskie!$D$7 -> 4633
B13: Rozdział 01 - Konsolidacja | F13: =Lubelskie!$B$7 -> 1856 | G13: =Lubelskie!$C$7 -> 4346 | H13: =Lubelskie!$D$7 -> 3553
B14: Rozdział 01 - Konsolidacja | C14: =Świętokrzyskie!$B$7 -> 1873 | D14: =Świętokrzyskie!$C$7 -> 6388 | E14: =Świętokrzyskie!$E$7 -> 3125 | G14: =Świętokrzyskie!$D$7 -> 1557
A15: Dory | C15: =SUM(C12:C14) -> 6567 | D15: =SUM(D12:D14) -> 8312 | E15: =SUM(E12:E14) -> 7758 | F15: =SUM(F12:F14) -> 1856 | G15: =SUM(G12:G14) -> 5903 | H15: =SUM(H12:H14) -> 3553
B16: Rozdział 01 - Konsolidacja | C16: =Dolnośląskie!$B$8 -> 3807 | D16: =Dolnośląskie!$C$8 -> 2261 | E16: =Dolnośląskie!$D$8 -> 4252 | H16: =Dolnośląskie!$E$8 -> 7094
A17: Gloria | C17: =SUM(C16) -> 3807 | D17: =SUM(D16) -> 2261 | E17: =SUM(E16) -> 4252 | H17: =SUM(H16) -> 7094
B18: Rozdział 01 - Konsolidacja | C18: =Dolnośląskie!$B$9 -> 1952 | D18: =Dolnośląskie!$C$9 -> 3740 | E18: =Dolnośląskie!$D$9 -> 5982 | H18: =Dolnośląskie!$E$9 -> 6530
A19: Idol | C19: =SUM(C18) -> 1952 | D19: =SUM(D18) -> 3740 | E19: =SUM(E18) -> 5982 | H19: =SUM(H18) -> 6530
B20: Rozdział 01 - Konsolidacja | C20: =Dolnośląskie!$B$10 -> 1191 | D20: =Dolnośląskie!$C$10 -> 8177 | E20: =Dolnośląskie!$D$10 -> 4159 | H20: =Dolnośląskie!$E$10 -> 2610
A21: Julian | C21: =SUM(C20) -> 1191 | D21: =SUM(D20) -> 8177 | E21: =SUM(E20) -> 4159 | H21: =SUM(H20) -> 2610
B22: Rozdział 01 - Konsolidacja | F22: =Lubelskie!$B$8 -> 7679 | G22: =Lubelskie!$C$8 -> 5473 | H22: =Lubelskie!$D$8 -> 4667
A23: Marlin | F23: =SUM(F22) -> 7679 | G23: =SUM(G22) -> 5473 | H23: =SUM(H22) -> 4667
B24: Rozdział 01 - Konsolidacja | G24: =Lubelskie!$C$9 -> 8148 | H24: =Lubelskie!$D$9 -> 3385
A25: Nemo | G25: =SUM(G24) -> 8148 | H25: =SUM(H24) -> 3385
B26: Rozdział 01 - Konsolidacja | C26: =Świętokrzyskie!$B$8 -> 7808 | D26: =Świętokrzyskie!$C$8 -> 1386 | E26: =Świętokrzyskie!$E$8 -> 5155 | G26: =Świętokrzyskie!$D$8 -> 8229
A27: Marlena | C27: =SUM(C26) -> 7808 | D27: =SUM(D26) -> 1386 | E27: =SUM(E26) -> 5155 | G27: =SUM(G26) -> 8229

Sheet Dolnośląskie
A1: Województwo | B1: Dolnośląskie
A3: Suma z Sprzedaż | B3: Produkt
A4: Sprzedawca | B4: Burza | C4: Chmura | D4: Tęcza | E4: Grad
A5: Alex | B5: 1111 | C5: 6962 | D5: 4756 | E5: 1118
A6: Atylla | B6: 969 | C6: 8052 | D6: 6161 | E6: 6589
A7: Dory | B7: 4694 | C7: 1924 | D7: 4633
A8: Gloria | B8: 3807 | C8: 2261 | D8: 4252 | E8: 7094
A9: Idol | B9: 1952 | C9: 3740 | D9: 5982 | E9: 6530
A10: Julian | B10: 1191 | C10: 8177 | D10: 4159 | E10: 2610

Sheet Świętokrzyskie
A1: Województwo | B1: Świętokrzyskie
A3: Suma z Sprzedaż | B3: Produkt
A4: Sprzedawca | B4: Burza | C4: Chmura | D4: Deszcz | E4: Tęcza
A5: Alex | B5: 4500 | C5: 6031 | E5: 7271
A6: Atylla | B6: 4470 | C6: 4154 | D6: 2121 | E6: 2527
A7: Dory | B7: 1873 | C7: 6388 | D7: 1557 | E7: 3125
A8: Marlena | B8: 7808 | C8: 1386 | D8: 8229 | E8: 5155

Sheet Lubelskie
A1: Województwo | B1: Lubelskie
A3: Suma z Sprzedaż | B3: Produkt
A4: Sprzedawca | B4: Słońce | C4: Deszcz | D4: Grad
A5: Alex | B5: 7491 | C5: 1583 | D5: 3679
A6: Atylla | B6: 3303 | C6: 6088 | D6: 4338
A7: Dory | B7: 1856 | C7: 4346 | D7: 3553
A8: Marlin | B8: 7679 | C8: 5473 | D8: 4667
A9: Nemo | C9: 8148 | D9: 3385
