Workbook
Name Produkty: 'Zakresy (2)'!$J$2:$K$9

Sheet ExceliAdam
Z2: Newsletter (info o webinarach, pliki końcowe po webinarach itp.)
Z4: http://exceliadam.getleads.pl/newsletter/
R5: KURSY WIDEO | BF5: KSIĄŻKI
Z9: Mistrz Excela - wprowadzi Cię w tajniki Excela, od podstawowych zagadnień, przez tabele przestawne i wyszukiwanie pionowo | BN9: Nakład wyczerpany - książka dostępna w wersji elektornicznej
BN12: http://ksplus.komputerswiat.pl/sklep#mistrz-excela-w-20-dni
Z14: aż po wstęp do programowania VBA (rejestrowanie makr).
Z17: https://www.udemy.com/mistrz-excela/?couponCode=STANDARDOWY
Z21: Excel Mistrz Formuł - poznaj najczęściej wykorzystywane funkcje w Excelu
Z23: i stań się mistrzem formuł
Z26: https://www.udemy.com/excel-mistrz-formul/?couponCode=STANDARDOWY
Z32: Mistrz Power Query - poznaj tajniki pobierania, łączenia, przekształcania, grupowania, parametryzacji
BN34: Standardowa księgarnia
Z37: oraz tworzenia własnych funkcji w dodatku do Excela Power Query | BN37: https://literia.pl/excel-w-przykladach-zaawansowane-funkcje-krok-po-kroku
Z40: https://www.udemy.com/mistrz-power-query/?couponCode=STANDARDOWY | BN40: Książka w wersji elektronicznej:
Z43: Dashboardy w Excelu - kurs nauczy Cię prezentować dane na Panelach Menadżerskich, dzięki czemu będą bardziej czytelne | BN43: http://ksplus.komputerswiat.pl/sklep#biblioteczka-1-2016
Z48: oraz będziesz mógł wprowadzić w prezentacji dynamiczne elementy.
B51: http://www.ExceliAdam.pl | Z51: https://www.udemy.com/excel-dashboardy/?couponCode=STANDARDOWY
B54: Więcej wiedzy na YouTubie | Z54: VBA w 30 dni - kurs wprowadzi Cię w tajniki programowania w Excelu, czyli nauczy Cię jak rejestrować, pisać oraz automatycznie
B57: https://www.youtube.com/ExceliAdam
Z59: uruchamiać makra, a tym samym zautomatyzować wiele czynności w Excelu | BN59: Standardowa księgarnia
B60: Polub moją stronę na facebooku ;)
Z62: https://www.udemy.com/excel-vba-makra/?couponCode=STANDARDOWY | BN62: https://literia.pl/excel-50-najwazniejszych-funkcji
B63: https://web.facebook.com/ExceliAdam/
Z65: Power BI - nowe narzędzie Microsoftu, które pozwala Ci pobierać, analizować, a na koniec wizualizować dane | BN65: Książka w wersji elektronicznej:
BN68: http://ksplus.komputerswiat.pl/sklep#biblioteczka-2-2019
Z71: https://www.udemy.com/power-bi-microsoft/?couponCode=STANDARDOWY
Z77: W przypadku Standardowych linków promocyjnych warto sprawdzić czy Udemy nie ma aktualnie lepszej propozycji niż moja.
Z82: Czyli wejść przez podany przeze mnie link do kursu (żeby sprzadaż kursu została zaliczona dla mnie, a nie dla Udemy, wtedy mam większą prowizję, ze sprzedaży mojego kursu),
Z90: a następnie usunąć końcówkę: ?couponCode=STANDARDOWY

Sheet Odwołania(0)
G2: A1 | H2: względne
G3: $A$1 | H3: bezwzględne
G4: A$1 | H4: mieszane - wiersz bezwgzlędny kolumna względna
G5: $A1 | H5: mieszane - wiersz wgzlędny kolumna bezwzględna
G7: Do innego arkusza | I7: Odwolania!K2:L9
G8: Do innego arkusza ze znakami specjalne | I8: 'Odwolania (2)'!G2
G9: Do innego pliku | I9: [CenaProduktu.xlsx]Arkusz1!$A$2:$B$9
G10: Do innego zamkniętego pliku | I10: 'E:\excel\kurs praktyczny raport excel\[CenaProduktu.xlsx]Arkusz1'!$A$2:$B$9
G11: Do 1 komórki na kilku arkuszach (3D) | I11: =SUMA(Dolnośląskie:Zachodniopomorskie!B6)
G12: Do nazwy | I12: CenaProduktu
G13: Do tego samego wiersza tabeli | I13: [@Produkt]

Sheet Zysk
A1: Miesiąc | B1: Przychód | C1: Koszty | D1: Zysk | E1: Zysk %
A2: Styczeń | B2: 8764 | C2: 3856.16 | D2: =B2-C2 -> 4907.84 | E2: =D2/B2 -> 0.56
A3: Luty | B3: 7127 | C3: 3706.04 | D3: =B3-C3 -> 3420.96 | E3: =D3/B3 -> 0.48
A4: Marzec | B4: 9871 | C4: 3948.4 | D4: =B4-C4 -> 5922.6 | E4: =D4/B4 -> 0.6
A5: Kwiecień | B5: 7667 | C5: 3066.8 | D5: =B5-C5 -> 4600.2 | E5: =D5/B5 -> 0.6
A6: Maj | B6: 3826 | C6: 2448.64 | D6: =B6-C6 -> 1377.36 | E6: =D6/B6 -> 0.36
A7: Czerwiec | B7: 9382 | C7: 4034.26 | D7: =B7-C7 -> 5347.74 | E7: =D7/B7 -> 0.57
A8: Lipiec | B8: 3967 | C8: 1190.1 | D8: =B8-C8 -> 2776.9 | E8: =D8/B8 -> 0.7
A9: Sierpień | B9: 6693 | C9: 2342.55 | D9: =B9-C9 -> 4350.45 | E9: =D9/B9 -> 0.65
A10: Wrzesień | B10: 9849 | C10: 4038.09 | D10: =B10-C10 -> 5810.91 | E10: =D10/B10 -> 0.59
A11: Październik | B11: 5810 | C11: 3253.6 | D11: =B11-C11 -> 2556.4 | E11: =D11/B11 -> 0.44
A12: Listopad | B12: 9134 | C12: 6211.12 | D12: =B12-C12 -> 2922.88 | E12: =D12/B12 -> 0.32
A13: Grudzień | B13: 6062 | C13: 1879.22 | D13: =B13-C13 -> 4182.78 | E13: =D13/B13 -> 0.69

Sheet Vat
A1: Ceny produktów "Piaski pustyni"
A2: Produkt | B2: Cena | C2: VAT | D2: Cena z VAT | F2: Cena z VAT
A3: Muszelki 1 | B3: 20 | C3: =B3*$F$3 -> 1.4 | D3: =B3+C3 -> 21.4 | F3: 0.07
A4: Gąbki | B4: 5 | C4: =B4*$F$3 -> 0.35 | D4: =B4+C4 -> 5.35
A5: Błazenek | B5: 25 | C5: =B5*$F$3 -> 1.75 | D5: =B5+C5 -> 26.75
A6: Żółwik | B6: 50 | C6: =B6*$F$3 -> 3.5 | D6: =B6+C6 -> 53.5
A7: Wodorosty | B7: 2 | C7: =B7*$F$3 -> 0.14 | D7: =B7+C7 -> 2.14
A8: Piasek | B8: 1 | C8: =B8*$F$3 -> 0.07 | D8: =B8+C8 -> 1.07
A9: Muszelki 2 | B9: 15 | C9: =B9*$F$3 -> 1.05 | D9: =B9+C9 -> 16.05
A10: Muszelki 3 | B10: 40 | C10: =B10*$F$3 -> 2.8 | D10: =B10+C10 -> 42.8

Sheet TabliczkaMnożenia
A1: Tabliczka mnożenia
B2: 1 | C2: 2 | D2: 3 | E2: 4 | F2: 5 | G2: 6 | H2: 7 | I2: 8 | J2: 9 | K2: 10
A3: 1 | B3: =$A3*B$2 -> 1 | C3: =$A3*C$2 -> 2 | D3: =$A3*D$2 -> 3 | E3: =$A3*E$2 -> 4 | F3: =$A3*F$2 -> 5 | G3: =$A3*G$2 -> 6 | H3: =$A3*H$2 -> 7 | I3: =$A3*I$2 -> 8 | ... K3: =$A3*K$2 -> 10
A4: 2 | B4: =$A4*B$2 -> 2 | C4: =$A4*C$2 -> 4 | D4: =$A4*D$2 -> 6 | E4: =$A4*E$2 -> 8 | F4: =$A4*F$2 -> 10 | G4: =$A4*G$2 -> 12 | H4: =$A4*H$2 -> 14 | I4: =$A4*I$2 -> 16 | ... K4: =$A4*K$2 -> 20
A5: 3 | B5: =$A5*B$2 -> 3 | C5: =$A5*C$2 -> 6 | D5: =$A5*D$2 -> 9 | E5: =$A5*E$2 -> 12 | F5: =$A5*F$2 -> 15 | G5: =$A5*G$2 -> 18 | H5: =$A5*H$2 -> 21 | I5: =$A5*I$2 -> 24 | ... K5: =$A5*K$2 -> 30
A6: 4 | B6: =$A6*B$2 -> 4 | C6: =$A6*C$2 -> 8 | D6: =$A6*D$2 -> 12 | E6: =$A6*E$2 -> 16 | F6: =$A6*F$2 -> 20 | G6: =$A6*G$2 -> 24 | H6: =$A6*H$2 -> 28 | I6: =$A6*I$2 -> 32 | ... K6: =$A6*K$2 -> 40
A7: 5 | B7: =$A7*B$2 -> 5 | C7: =$A7*C$2 -> 10 | D7: =$A7*D$2 -> 15 | E7: =$A7*E$2 -> 20 | F7: =$A7*F$2 -> 25 | G7: =$A7*G$2 -> 30 | H7: =$A7*H$2 -> 35 | I7: =$A7*I$2 -> 40 | ... K7: =$A7*K$2 -> 50
A8: 6 | B8: =$A8*B$2 -> 6 | C8: =$A8*C$2 -> 12 | D8: =$A8*D$2 -> 18 | E8: =$A8*E$2 -> 24 | F8: =$A8*F$2 -> 30 | G8: =$A8*G$2 -> 36 | H8: =$A8*H$2 -> 42 | I8: =$A8*I$2 -> 48 | ... K8: =$A8*K$2 -> 60
A9: 7 | B9: =$A9*B$2 -> 7 | C9: =$A9*C$2 -> 14 | D9: =$A9*D$2 -> 21 | E9: =$A9*E$2 -> 28 | F9: =$A9*F$2 -> 35 | G9: =$A9*G$2 -> 42 | H9: =$A9*H$2 -> 49 | I9: =$A9*I$2 -> 56 | ... K9: =$A9*K$2 -> 70
A10: 8 | B10: =$A10*B$2 -> 8 | C10: =$A10*C$2 -> 16 | D10: =$A10*D$2 -> 24 | E10: =$A10*E$2 -> 32 | F10: =$A10*F$2 -> 40 | G10: =$A10*G$2 -> 48 | H10: =$A10*H$2 -> 56 | I10: =$A10*I$2 -> 64 | ... K10: =$A10*K$2 -> 80
A11: 9 | B11: =$A11*B$2 -> 9 | C11: =$A11*C$2 -> 18 | D11: =$A11*D$2 -> 27 | E11: =$A11*E$2 -> 36 | F11: =$A11*F$2 -> 45 | G11: =$A11*G$2 -> 54 | H11: =$A11*H$2 -> 63 | I11: =$A11*I$2 -> 72 | ... K11: =$A11*K$2 -> 90
A12: 10 | B12: =$A12*B$2 -> 10 | C12: =$A12*C$2 -> 20 | D12: =$A12*D$2 -> 30 | E12: =$A12*E$2 -> 40 | F12: =$A12*F$2 -> 50 | G12: =$A12*G$2 -> 60 | H12: =$A12*H$2 -> 70 | I12: =$A12*I$2 -> 80 | ... K12: =$A12*K$2 -> 100

Sheet StanInwestycji
A1: Wpłata roczna | B1: 3000
A3: Szacowana wartość Twojej inwestycji po x latach
A4: Lata/Stopa | B4: =B17 -> 0.05 | C4: =B4+$B18 -> 0.06 | D4: =C4+$B18 -> 0.07 | E4: =D4+$B18 -> 0.08 | F4: =E4+$B18 -> 0.09 | G4: =F4+$B18 -> 0.1
A5: =B19 -> 5 | B5: =-FV(B$4,$A5,$B$1) -> 16576.894 | C5: =-FV(C$4,$A5,$B$1) -> 16911.279 | D5: =-FV(D$4,$A5,$B$1) -> 17252.217 | E5: =-FV(E$4,$A5,$B$1) -> 17599.803 | F5: =-FV(F$4,$A5,$B$1) -> 17954.132 | G5: =-FV(G$4,$A5,$B$1) -> 18315.3
A6: =A5+B$20 -> 10 | B6: =-FV(B$4,$A6,$B$1) -> 37733.678 | C6: =-FV(C$4,$A6,$B$1) -> 39542.385 | D6: =-FV(D$4,$A6,$B$1) -> 41449.344 | E6: =-FV(E$4,$A6,$B$1) -> 43459.687 | F6: =-FV(F$4,$A6,$B$1) -> 45578.789 | G6: =-FV(G$4,$A6,$B$1) -> 47812.274
A7: =A6+B$20 -> 15 | B7: =-FV(B$4,$A7,$B$1) -> 64735.691 | C7: =-FV(C$4,$A7,$B$1) -> 69827.91 | D7: =-FV(D$4,$A7,$B$1) -> 75387.066 | E7: =-FV(E$4,$A7,$B$1) -> 81456.342 | F7: =-FV(F$4,$A7,$B$1) -> 88082.749 | G7: =-FV(G$4,$A7,$B$1) -> 95317.445
A8: =A7+B$20 -> 20 | B8: =-FV(B$4,$A8,$B$1) -> 99197.862 | C8: =-FV(C$4,$A8,$B$1) -> 110356.77 | D8: =-FV(D$4,$A8,$B$1) -> 122986.48 | E8: =-FV(E$4,$A8,$B$1) -> 137285.89 | F8: =-FV(F$4,$A8,$B$1) -> 153480.36 | G8: =-FV(G$4,$A8,$B$1) -> 171825
A9: =A8+B$20 -> 25 | B9: =-FV(B$4,$A9,$B$1) -> 143181.3 | C9: =-FV(C$4,$A9,$B$1) -> 164593.54 | D9: =-FV(D$4,$A9,$B$1) -> 189747.11 | E9: =-FV(E$4,$A9,$B$1) -> 219317.82 | F9: =-FV(F$4,$A9,$B$1) -> 254102.69 | G9: =-FV(G$4,$A9,$B$1) -> 295041.18
A10: =A9+B$20 -> 30 | B10: =-FV(B$4,$A10,$B$1) -> 199316.54 | C10: =-FV(C$4,$A10,$B$1) -> 237174.56 | D10: =-FV(D$4,$A10,$B$1) -> 283382.36 | E10: =-FV(E$4,$A10,$B$1) -> 339849.63 | F10: =-FV(F$4,$A10,$B$1) -> 408922.62 | G10: =-FV(G$4,$A10,$B$1) -> 493482.07
A11: =A10+B$20 -> 35 | B11: =-FV(B$4,$A11,$B$1) -> 270960.92 | C11: =-FV(C$4,$A11,$B$1) -> 334304.34 | D11: =-FV(D$4,$A11,$B$1) -> 414710.64 | E11: =-FV(E$4,$A11,$B$1) -> 516950.41 | F11: =-FV(F$4,$A11,$B$1) -> 647132.26 | G11: =-FV(G$4,$A11,$B$1) -> 813073.11
A12: =A11+B$20 -> 40 | B12: =-FV(B$4,$A12,$B$1) -> 362399.32 | C12: =-FV(C$4,$A12,$B$1) -> 464285.9 | D12: =-FV(D$4,$A12,$B$1) -> 598905.34 | E12: =-FV(E$4,$A12,$B$1) -> 777169.56 | F12: =-FV(F$4,$A12,$B$1) -> 1013647.3 | G12: =-FV(G$4,$A12,$B$1) -> 1327777.7
A13: =A12+B$20 -> 45 | B13: =-FV(B$4,$A13,$B$1) -> 479100.47 | C13: =-FV(C$4,$A13,$B$1) -> 638230.54 | D13: =-FV(D$4,$A13,$B$1) -> 857247.93 | E13: =-FV(E$4,$A13,$B$1) -> 1159516.9 | F13: =-FV(F$4,$A13,$B$1) -> 1577576.2 | G13: =-FV(G$4,$A13,$B$1) -> 2156714.5
A16: Założenia
A17: Pocz. Stopa | B17: 0.05
A18: Wzrost stopy | B18: 0.01
A19: Pocz. Lata | B19: 5
A20: Wzrost lat | B20: 5

Sheet PodziałZysków
C1: Marianna | D1: Ryszard | E1: Szczepan | F1: Tadeusz | J1: Marianna | K1: 0.3
C2: 0.3 | D2: 0.35 | E2: 0.1 | F2: 0.25 | G2: =SUM(C2:F2) -> 1 | J2: Ryszard | K2: 0.35
J3: Tadeusz | K3: 0.25
A4: Rata\Lat | B4: Zysk | C4: =C1 -> Marianna | D4: =D1 -> Ryszard | E4: =E1 -> Szczepan | F4: =F1 -> Tadeusz
A5: Styczeń | B5: 16437 | C5: =$B5*C$2 -> 4931.1 | D5: =$B5*D$2 -> 5752.95 | E5: =$B5*E$2 -> 1643.7 | F5: =$B5*F$2 -> 4109.25
A6: Luty | B6: 17795 | C6: =$B6*C$2 -> 5338.5 | D6: =$B6*D$2 -> 6228.25 | E6: =$B6*E$2 -> 1779.5 | F6: =$B6*F$2 -> 4448.75
A7: Marzec | B7: 20917 | C7: =$B7*C$2 -> 6275.1 | D7: =$B7*D$2 -> 7320.95 | E7: =$B7*E$2 -> 2091.7 | F7: =$B7*F$2 -> 5229.25
A8: Kwiecień | B8: 10818 | C8: =$B8*C$2 -> 3245.4 | D8: =$B8*D$2 -> 3786.3 | E8: =$B8*E$2 -> 1081.8 | F8: =$B8*F$2 -> 2704.5
A9: Maj | B9: 11322 | C9: =$B9*C$2 -> 3396.6 | D9: =$B9*D$2 -> 3962.7 | E9: =$B9*E$2 -> 1132.2 | F9: =$B9*F$2 -> 2830.5
A10: Czerwiec | B10: 16958 | C10: =$B10*C$2 -> 5087.4 | D10: =$B10*D$2 -> 5935.3 | E10: =$B10*E$2 -> 1695.8 | F10: =$B10*F$2 -> 4239.5

Sheet Arkusz3
A1: Produkt | B1: Cena
A2: Muszelki 1 | B2: 2
A3: Gąbki | B3: 0.5
A4: Błazenek | B4: 2.5
A5: Żółwik | B5: 5
A6: Wodorosty | B6: 0.2
A7: Piasek | B7: 0.1
A8: Muszelki 2 | B8: 1.5
A9: Muszelki 3 | B9: 4

Sheet Zakresy
A1: Data | B1: Sprzedawca | C1: Województwo | D1: Klient | E1: Produkt | F1: Ilość | G1: Cena | H1: Cena2 | I1: Cena3 | J1: Wartość | L1: Produkt | M1: Cena
A2: 41553 | B2: Alladyn | C2: Świętokrzyskie | D2: Comarch | E2: Gąbki | F2: 19 | G2: =VLOOKUP(E2,$L$2:$M$9,2,FALSE) -> 0.5 | H2: =VLOOKUP(E2,Arkusz3!$A$1:$B$9,2,FALSE) -> 0.5 | I2: =VLOOKUP(E2,[1]Arkusz1!$A$1:$B$9,2,FALSE) -> 0.5 | J2: =F2*G2 -> 9.5 | L2: Muszelki 1 | M2: 2
A3: 41433 | B3: Jasmina | C3: Lubelskie | D3: NFZ | E3: Piasek | F3: 12 | G3: =VLOOKUP(E3,$L$2:$M$9,2,FALSE) -> 0.1 | H3: =VLOOKUP(E3,Arkusz3!$A$1:$B$9,2,FALSE) -> 0.1 | I3: =VLOOKUP(E3,[1]Arkusz1!$A$1:$B$9,2,FALSE) -> 0.1 | J3: =F3*G3 -> 1.2 | L3: Gąbki | M3: 0.5
A4: 41454 | B4: Jasmina | C4: Lubelskie | D4: Sygnity | E4: Gąbki | F4: 15 | G4: =VLOOKUP(E4,$L$2:$M$9,2,FALSE) -> 0.5 | H4: =VLOOKUP(E4,Arkusz3!$A$1:$B$9,2,FALSE) -> 0.5 | I4: =VLOOKUP(E4,[1]Arkusz1!$A$1:$B$9,2,FALSE) -> 0.5 | J4: =F4*G4 -> 7.5 | L4: Błazenek | M4: 2.5
A5: 41608 | B5: Abis Mal | C5: Lubelskie | D5: PKO BP | E5: Piasek | F5: 4 | G5: =VLOOKUP(E5,$L$2:$M$9,2,FALSE) -> 0.1 | H5: =VLOOKUP(E5,Arkusz3!$A$1:$B$9,2,FALSE) -> 0.1 | I5: =VLOOKUP(E5,[1]Arkusz1!$A$1:$B$9,2,FALSE) -> 0.1 | J5: =F5*G5 -> 0.4 | L5: Żółwik | M5: 5
A6: 41602 | B6: Abis Mal | C6: Lubelskie | D6: BNI | E6: Piasek | F6: 6 | G6: =VLOOKUP(E6,$L$2:$M$9,2,FALSE) -> 0.1 | H6: =VLOOKUP(E6,Arkusz3!$A$1:$B$9,2,FALSE) -> 0.1 | I6: =VLOOKUP(E6,[1]Arkusz1!$A$1:$B$9,2,FALSE) -> 0.1 | J6: =F6*G6 -> 0.6 | L6: Wodorosty | M6: 0.2
A7: 41589 | B7: Alladyn | C7: Świętokrzyskie | D7: NFZ | E7: Muszelki 3 | F7: 20 | G7: =VLOOKUP(E7,$L$2:$M$9,2,FALSE) -> 4 | H7: =VLOOKUP(E7,Arkusz3!$A$1:$B$9,2,FALSE) -> 4 | I7: =VLOOKUP(E7,[1]Arkusz1!$A$1:$B$9,2,FALSE) -> 4 | J7: =F7*G7 -> 80 | L7: Piasek | M7: 0.1
A8: 41503 | B8: Alladyn | C8: Lubelskie | D8: ZUS | E8: Błazenek | F8: 4 | G8: =VLOOKUP(E8,$L$2:$M$9,2,FALSE) -> 2.5 | H8: =VLOOKUP(E8,Arkusz3!$A$1:$B$9,2,FALSE) -> 2.5 | I8: =VLOOKUP(E8,[1]Arkusz1!$A$1:$B$9,2,FALSE) -> 2.5 | J8: =F8*G8 -> 10 | L8: Muszelki 2 | M8: 1.5
A9: 41434 | B9: Jasmina | C9: Mazowieckie | D9: ZPP | E9: Błazenek | F9: 1 | G9: =VLOOKUP(E9,$L$2:$M$9,2,FALSE) -> 2.5 | H9: =VLOOKUP(E9,Arkusz3!$A$1:$B$9,2,FALSE) -> 2.5 | I9: =VLOOKUP(E9,[1]Arkusz1!$A$1:$B$9,2,FALSE) -> 2.5 | J9: =F9*G9 -> 2.5 | L9: Muszelki 3 | M9: 4
A10: 41582 | B10: Alladyn | C10: Mazowieckie | D10: Asseco | E10: Wodorosty | F10: 11 | G10: =VLOOKUP(E10,$L$2:$M$9,2,FALSE) -> 0.2 | H10: =VLOOKUP(E10,Arkusz3!$A$1:$B$9,2,FALSE) -> 0.2 | I10: =VLOOKUP(E10,[1]Arkusz1!$A$1:$B$9,2,FALSE) -> 0.2 | J10: =F10*G10 -> 2.2
A11: 41633 | B11: Jasmina | C11: Mazowieckie | D11: Comarch | E11: Wodorosty | F11: 20 | G11: =VLOOKUP(E11,$L$2:$M$9,2,FALSE) -> 0.2 | H11: =VLOOKUP(E11,Arkusz3!$A$1:$B$9,2,FALSE) -> 0.2 | I11: =VLOOKUP(E11,[1]Arkusz1!$A$1:$B$9,2,FALSE) -> 0.2 | J11: =F11*G11 -> 4
A12: 41604 | B12: Jasmina | C12: Lubelskie | D12: PKO BP | E12: Muszelki 1 | F12: 8 | G12: =VLOOKUP(E12,$L$2:$M$9,2,FALSE) -> 2 | H12: =VLOOKUP(E12,Arkusz3!$A$1:$B$9,2,FALSE) -> 2 | I12: =VLOOKUP(E12,[1]Arkusz1!$A$1:$B$9,2,FALSE) -> 2 | J12: =F12*G12 -> 16
A13: 41455 | B13: Jasmina | C13: Mazowieckie | D13: ZPP | E13: Muszelki 3 | F13: 12 | G13: =VLOOKUP(E13,$L$2:$M$9,2,FALSE) -> 4 | H13: =VLOOKUP(E13,Arkusz3!$A$1:$B$9,2,FALSE) -> 4 | I13: =VLOOKUP(E13,[1]Arkusz1!$A$1:$B$9,2,FALSE) -> 4 | J13: =F13*G13 -> 48
A14: 41454 | B14: Alladyn | C14: Łódzkie | D14: Pepsi | E14: Piasek | F14: 11 | G14: =VLOOKUP(E14,$L$2:$M$9,2,FALSE) -> 0.1 | H14: =VLOOKUP(E14,Arkusz3!$A$1:$B$9,2,FALSE) -> 0.1 | I14: =VLOOKUP(E14,[1]Arkusz1!$A$1:$B$9,2,FALSE) -> 0.1 | J14: =F14*G14 -> 1.1
A15: 41618 | B15: Abis Mal | C15: Lubelskie | D15: Sygnity | E15: Muszelki 2 | F15: 5 | G15: =VLOOKUP(E15,$L$2:$M$9,2,FALSE) -> 1.5 | H15: =VLOOKUP(E15,Arkusz3!$A$1:$B$9,2,FALSE) -> 1.5 | I15: =VLOOKUP(E15,[1]Arkusz1!$A$1:$B$9,2,FALSE) -> 1.5 | J15: =F15*G15 -> 7.5
A16: 41524 | B16: Jago | C16: Łódzkie | D16: Comarch | E16: Muszelki 1 | F16: 13 | G16: =VLOOKUP(E16,$L$2:$M$9,2,FALSE) -> 2 | H16: =VLOOKUP(E16,Arkusz3!$A$1:$B$9,2,FALSE) -> 2 | I16: =VLOOKUP(E16,[1]Arkusz1!$A$1:$B$9,2,FALSE) -> 2 | J16: =F16*G16 -> 26
A17: 41574 | B17: Jago | C17: Świętokrzyskie | D17: PKO BP | E17: Błazenek | F17: 14 | G17: =VLOOKUP(E17,$L$2:$M$9,2,FALSE) -> 2.5 | H17: =VLOOKUP(E17,Arkusz3!$A$1:$B$9,2,FALSE) -> 2.5 | I17: =VLOOKUP(E17,[1]Arkusz1!$A$1:$B$9,2,FALSE) -> 2.5 | J17: =F17*G17 -> 35
A18: 41434 | B18: Jasmina | C18: Wielkopolskie | D18: Asseco | E18: Błazenek | F18: 17 | G18: =VLOOKUP(E18,$L$2:$M$9,2,FALSE) -> 2.5 | H18: =VLOOKUP(E18,Arkusz3!$A$1:$B$9,2,FALSE) -> 2.5 | I18: =VLOOKUP(E18,[1]Arkusz1!$A$1:$B$9,2,FALSE) -> 2.5 | J18: =F18*G18 -> 42.5
A19: 41489 | B19: Alladyn | C19: Mazowieckie | D19: Sygnity | E19: Muszelki 3 | F19: 4 | G19: =VLOOKUP(E19,$L$2:$M$9,2,FALSE) -> 4 | H19: =VLOOKUP(E19,Arkusz3!$A$1:$B$9,2,FALSE) -> 4 | I19: =VLOOKUP(E19,[1]Arkusz1!$A$1:$B$9,2,FALSE) -> 4 | J19: =F19*G19 -> 16
A20: 41473 | B20: Abis Mal | C20: Wielkopolskie | D20: ZUS | E20: Muszelki 3 | F20: 18 | G20: =VLOOKUP(E20,$L$2:$M$9,2,FALSE) -> 4 | H20: =VLOOKUP(E20,Arkusz3!$A$1:$B$9,2,FALSE) -> 4 | I20: =VLOOKUP(E20,[1]Arkusz1!$A$1:$B$9,2,FALSE) -> 4 | J20: =F20*G20 -> 72
A21: 41553 | B21: Alladyn | C21: Mazowieckie | D21: Pepsi | E21: Błazenek | F21: 14 | G21: =VLOOKUP(E21,$L$2:$M$9,2,FALSE) -> 2.5 | H21: =VLOOKUP(E21,Arkusz3!$A$1:$B$9,2,FALSE) -> 2.5 | I21: =VLOOKUP(E21,[1]Arkusz1!$A$1:$B$9,2,FALSE) -> 2.5 | J21: =F21*G21 -> 35
... A325: 41569 | B325: Jago | C325: Lubelskie | D325: PKO BP | E325: Błazenek | F325: 13 | G325: =VLOOKUP(E325,$L$2:$M$9,2,FALSE) -> 2.5 | H325: =VLOOKUP(E325,Arkusz3!$A$1:$B$9,2,FALSE) -> 2.5 | I325: =VLOOKUP(E325,[1]Arkusz1!$A$1:$B$9,2,FALSE) -> 2.5 | J325: =F325*G325 -> 32.5

Sheet Zakresy (2)
A1: Data | B1: Sprzedawca | C1: Województwo | D1: Klient | E1: Produkt | F1: Ilość | G1: Cena | H1: Wartość | J1: Produkt | K1: Cena
A2: 41553 | B2: Alladyn | C2: Świętokrzyskie | D2: Comarch | E2: Gąbki | F2: 19 | G2: =VLOOKUP(tblSprzedaż[[#This Row],[Produkt]],tblProdukty[],2,FALSE) -> 0.5 | H2: =F2*G2 -> 9.5 | J2: Muszelki 1 | K2: 2
A3: 41433 | B3: Jasmina | C3: Lubelskie | D3: NFZ | E3: Piasek | F3: 12 | G3: =VLOOKUP(tblSprzedaż[[#This Row],[Produkt]],tblProdukty[],2,FALSE) -> 0.1 | H3: =F3*G3 -> 1.2 | J3: Gąbki | K3: 0.5
A4: 41454 | B4: Jasmina | C4: Lubelskie | D4: Sygnity | E4: Gąbki | F4: 15 | G4: =VLOOKUP(tblSprzedaż[[#This Row],[Produkt]],tblProdukty[],2,FALSE) -> 0.5 | H4: =F4*G4 -> 7.5 | J4: Błazenek | K4: 2.5
A5: 41608 | B5: Abis Mal | C5: Lubelskie | D5: PKO BP | E5: Piasek | F5: 4 | G5: =VLOOKUP(tblSprzedaż[[#This Row],[Produkt]],tblProdukty[],2,FALSE) -> 0.1 | H5: =F5*G5 -> 0.4 | J5: Żółwik | K5: 5
A6: 41602 | B6: Abis Mal | C6: Lubelskie | D6: BNI | E6: Piasek | F6: 6 | G6: =VLOOKUP(tblSprzedaż[[#This Row],[Produkt]],tblProdukty[],2,FALSE) -> 0.1 | H6: =F6*G6 -> 0.6 | J6: Wodorosty | K6: 0.2
A7: 41589 | B7: Alladyn | C7: Świętokrzyskie | D7: NFZ | E7: Muszelki 3 | F7: 20 | G7: =VLOOKUP(tblSprzedaż[[#This Row],[Produkt]],tblProdukty[],2,FALSE) -> 4 | H7: =F7*G7 -> 80 | J7: Piasek | K7: 0.1
A8: 41503 | B8: Alladyn | C8: Lubelskie | D8: ZUS | E8: Błazenek | F8: 4 | G8: =VLOOKUP(tblSprzedaż[[#This Row],[Produkt]],tblProdukty[],2,FALSE) -> 2.5 | H8: =F8*G8 -> 10 | J8: Muszelki 2 | K8: 1.5
A9: 41434 | B9: Jasmina | C9: Mazowieckie | D9: ZPP | E9: Błazenek | F9: 1 | G9: =VLOOKUP(tblSprzedaż[[#This Row],[Produkt]],tblProdukty[],2,FALSE) -> 2.5 | H9: =F9*G9 -> 2.5 | J9: Muszelki 3 | K9: 4
A10: 41582 | B10: Alladyn | C10: Mazowieckie | D10: Asseco | E10: Wodorosty | F10: 11 | G10: =VLOOKUP(tblSprzedaż[[#This Row],[Produkt]],tblProdukty[],2,FALSE) -> 0.2 | H10: =F10*G10 -> 2.2
A11: 41633 | B11: Jasmina | C11: Mazowieckie | D11: Comarch | E11: Wodorosty | F11: 20 | G11: =VLOOKUP(tblSprzedaż[[#This Row],[Produkt]],tblProdukty[],2,FALSE) -> 0.2 | H11: =F11*G11 -> 4
A12: 41604 | B12: Jasmina | C12: Lubelskie | D12: PKO BP | E12: Muszelki 1 | F12: 8 | G12: =VLOOKUP(tblSprzedaż[[#This Row],[Produkt]],tblProdukty[],2,FALSE) -> 2 | H12: =F12*G12 -> 16
A13: 41455 | B13: Jasmina | C13: Mazowieckie | D13: ZPP | E13: Muszelki 3 | F13: 12 | G13: =VLOOKUP(tblSprzedaż[[#This Row],[Produkt]],tblProdukty[],2,FALSE) -> 4 | H13: =F13*G13 -> 48
A14: 41454 | B14: Alladyn | C14: Łódzkie | D14: Pepsi | E14: Piasek | F14: 11 | G14: =VLOOKUP(tblSprzedaż[[#This Row],[Produkt]],tblProdukty[],2,FALSE) -> 0.1 | H14: =F14*G14 -> 1.1
A15: 41618 | B15: Abis Mal | C15: Lubelskie | D15: Sygnity | E15: Muszelki 2 | F15: 5 | G15: =VLOOKUP(tblSprzedaż[[#This Row],[Produkt]],tblProdukty[],2,FALSE) -> 1.5 | H15: =F15*G15 -> 7.5
A16: 41524 | B16: Jago | C16: Łódzkie | D16: Comarch | E16: Muszelki 1 | F16: 13 | G16: =VLOOKUP(tblSprzedaż[[#This Row],[Produkt]],tblProdukty[],2,FALSE) -> 2 | H16: =F16*G16 -> 26
A17: 41574 | B17: Jago | C17: Świętokrzyskie | D17: PKO BP | E17: Błazenek | F17: 14 | G17: =VLOOKUP(tblSprzedaż[[#This Row],[Produkt]],tblProdukty[],2,FALSE) -> 2.5 | H17: =F17*G17 -> 35
A18: 41434 | B18: Jasmina | C18: Wielkopolskie | D18: Asseco | E18: Błazenek | F18: 17 | G18: =VLOOKUP(tblSprzedaż[[#This Row],[Produkt]],tblProdukty[],2,FALSE) -> 2.5 | H18: =F18*G18 -> 42.5
A19: 41489 | B19: Alladyn | C19: Mazowieckie | D19: Sygnity | E19: Muszelki 3 | F19: 4 | G19: =VLOOKUP(tblSprzedaż[[#This Row],[Produkt]],tblProdukty[],2,FALSE) -> 4 | H19: =F19*G19 -> 16
A20: 41473 | B20: Abis Mal | C20: Wielkopolskie | D20: ZUS | E20: Muszelki 3 | F20: 18 | G20: =VLOOKUP(tblSprzedaż[[#This Row],[Produkt]],tblProdukty[],2,FALSE) -> 4 | H20: =F20*G20 -> 72
A21: 41553 | B21: Alladyn | C21: Mazowieckie | D21: Pepsi | E21: Błazenek | F21: 14 | G21: =VLOOKUP(tblSprzedaż[[#This Row],[Produkt]],tblProdukty[],2,FALSE) -> 2.5 | H21: =F21*G21 -> 35
... A325: 41569 | B325: Jago | C325: Lubelskie | D325: PKO BP | E325: Błazenek | F325: 13 | G325: =VLOOKUP(tblSprzedaż[[#This Row],[Produkt]],tblProdukty[],2,FALSE) -> 2.5 | H325: =F325*G325 -> 32.5
