Workbook

Sheet ExceliAdam
Z2: Newsletter (info o webinarach, pliki końcowe po webinarach itp.)
Z4: http://exceliadam.getleads.pl/newsletter/
R5: KURSY WIDEO | BF5: KSIĄŻKI
Z9: Mistrz Excela - wprowadzi Cię w tajniki Excela, od podstawowych zagadnień, przez tabele przestawne i wyszukiwanie pionowo | BN9: Nakład wyczerpany - książka dostępna w wersji elektornicznej
BN12: http://ksplus.komputerswiat.pl/sklep#mistrz-excela-w-20-dni
Z14: aż po wstęp do programowania VBA (rejestrowanie makr).
Z17: https://www.udemy.com/mistrz-excela/?couponCode=STANDARDOWY
Z21: Excel Mistrz Formuł - poznaj najczęściej wykorzystywane funkcje w Excelu
Z23: i stań się mistrzem formuł
Z26: https://www.udemy.com/excel-mistrz-formul/?couponCode=STANDARDOWY
Z32: Mistrz Power Query - poznaj tajniki pobierania, łączenia, przekształcania, grupowania, parametryzacji
BN34: Standardowa księgarnia
Z37: oraz tworzenia własnych funkcji w dodatku do Excela Power Query | BN37: https://literia.pl/excel-w-przykladach-zaawansowane-funkcje-krok-po-kroku
Z40: https://www.udemy.com/mistrz-power-query/?couponCode=STANDARDOWY | BN40: Książka w wersji elektronicznej:
Z43: Dashboardy w Excelu - kurs nauczy Cię prezentować dane na Panelach Menadżerskich, dzięki czemu będą bardziej czytelne | BN43: http://ksplus.komputerswiat.pl/sklep#biblioteczka-1-2016
Z48: oraz będziesz mógł wprowadzić w prezentacji dynamiczne elementy.
B51: http://www.ExceliAdam.pl | Z51: https://www.udemy.com/excel-dashboardy/?couponCode=STANDARDOWY
B54: Więcej wiedzy na YouTubie | Z54: VBA w 30 dni - kurs wprowadzi Cię w tajniki programowania w Excelu, czyli nauczy Cię jak rejestrować, pisać oraz automatycznie
B57: https://www.youtube.com/ExceliAdam
Z59: uruchamiać makra, a tym samym zautomatyzować wiele czynności w Excelu | BN59: Standardowa księgarnia
B60: Polub moją stronę na facebooku ;)
Z62: https://www.udemy.com/excel-vba-makra/?couponCode=STANDARDOWY | BN62: https://literia.pl/excel-50-najwazniejszych-funkcji
B63: https://web.facebook.com/ExceliAdam/
Z65: Power BI - nowe narzędzie Microsoftu, które pozwala Ci pobierać, analizować, a na koniec wizualizować dane | BN65: Książka w wersji elektronicznej:
BN68: http://ksplus.komputerswiat.pl/sklep#biblioteczka-2-2019
Z71: https://www.udemy.com/power-bi-microsoft/?couponCode=STANDARDOWY
Z77: W przypadku Standardowych linków promocyjnych warto sprawdzić czy Udemy nie ma aktualnie lepszej propozycji niż moja.
Z82: Czyli wejść przez podany przeze mnie link do kursu (żeby sprzadaż kursu została zaliczona dla mnie, a nie dla Udemy, wtedy mam większą prowizję, ze sprzedaży mojego kursu),
Z90: a następnie usunąć końcówkę: ?couponCode=STANDARDOWY

Sheet Suma
A2: Województwo | B2: Wszystkie
A4: Suma z Sprzedaż | B4: Produkt
A5: Sprzedawca | B5: Chmura | C5: Burza | D5: Piorun | E5: Słońce | F5: Tęcza | G5: Suma końcowa
A6: Alex | B6: =SUM('Start>:<Koniec'!B6) -> 44882.55 | C6: =SUM('Start>:<Koniec'!C6) -> 25823.05 | D6: =SUM('Start>:<Koniec'!D6) -> 50009.65 | E6: =SUM('Start>:<Koniec'!E6) -> 47898.25 | F6: =SUM('Start>:<Koniec'!F6) -> 50742.6 | G6: =SUM(B6:F6) -> 219356.1
A7: Gloria | B7: =SUM('Start>:<Koniec'!B7) -> 51303.9 | C7: =SUM('Start>:<Koniec'!C7) -> 46165.35 | D7: =SUM('Start>:<Koniec'!D7) -> 45252 | E7: =SUM('Start>:<Koniec'!E7) -> 37878.7 | F7: =SUM('Start>:<Koniec'!F7) -> 51953.6 | G7: =SUM(B7:F7) -> 232553.55
A8: Idol | B8: =SUM('Start>:<Koniec'!B8) -> 39840.9 | C8: =SUM('Start>:<Koniec'!C8) -> 49366.85 | D8: =SUM('Start>:<Koniec'!D8) -> 43504.7 | E8: =SUM('Start>:<Koniec'!E8) -> 48745.4 | F8: =SUM('Start>:<Koniec'!F8) -> 51869.8 | G8: =SUM(B8:F8) -> 233327.65
A9: Julian | B9: =SUM('Start>:<Koniec'!B9) -> 63879.2 | C9: =SUM('Start>:<Koniec'!C9) -> 37556.35 | D9: =SUM('Start>:<Koniec'!D9) -> 37312.05 | E9: =SUM('Start>:<Koniec'!E9) -> 46953.1 | F9: =SUM('Start>:<Koniec'!F9) -> 47225.05 | G9: =SUM(B9:F9) -> 232925.75
A10: Marlena | B10: =SUM('Start>:<Koniec'!B10) -> 53450.45 | C10: =SUM('Start>:<Koniec'!C10) -> 44466.6 | D10: =SUM('Start>:<Koniec'!D10) -> 50153.75 | E10: =SUM('Start>:<Koniec'!E10) -> 48861.8 | F10: =SUM('Start>:<Koniec'!F10) -> 45667.3 | G10: =SUM(B10:F10) -> 242599.9
A11: Marlin | B11: =SUM('Start>:<Koniec'!B11) -> 60361.65 | C11: =SUM('Start>:<Koniec'!C11) -> 37297.15 | D11: =SUM('Start>:<Koniec'!D11) -> 38848.85 | E11: =SUM('Start>:<Koniec'!E11) -> 59298.05 | F11: =SUM('Start>:<Koniec'!F11) -> 35678.15 | G11: =SUM(B11:F11) -> 231483.85
A12: Marty | B12: =SUM('Start>:<Koniec'!B12) -> 48107.15 | C12: =SUM('Start>:<Koniec'!C12) -> 54543.9 | D12: =SUM('Start>:<Koniec'!D12) -> 43349.6 | E12: =SUM('Start>:<Koniec'!E12) -> 55173.5 | F12: =SUM('Start>:<Koniec'!F12) -> 37370.6 | G12: =SUM(B12:F12) -> 238544.75
A13: Maurice | B13: =SUM('Start>:<Koniec'!B13) -> 33088.2 | C13: =SUM('Start>:<Koniec'!C13) -> 54276.7 | D13: =SUM('Start>:<Koniec'!D13) -> 46840.15 | E13: =SUM('Start>:<Koniec'!E13) -> 42437.1 | F13: =SUM('Start>:<Koniec'!F13) -> 47513.3 | G13: =SUM(B13:F13) -> 224155.45
A14: Melman | B14: =SUM('Start>:<Koniec'!B14) -> 43638.3 | C14: =SUM('Start>:<Koniec'!C14) -> 80850.6 | D14: =SUM('Start>:<Koniec'!D14) -> 45956.4 | E14: =SUM('Start>:<Koniec'!E14) -> 34755.05 | F14: =SUM('Start>:<Koniec'!F14) -> 56504.35 | G14: =SUM(B14:F14) -> 261704.7
A15: Nemo | B15: =SUM('Start>:<Koniec'!B15) -> 35698.1 | C15: =SUM('Start>:<Koniec'!C15) -> 49002.55 | D15: =SUM('Start>:<Koniec'!D15) -> 50615.55 | E15: =SUM('Start>:<Koniec'!E15) -> 51310.4 | F15: =SUM('Start>:<Koniec'!F15) -> 47377.6 | G15: =SUM(B15:F15) -> 234004.2
A16: Skipper | B16: =SUM('Start>:<Koniec'!B16) -> 47386.15 | C16: =SUM('Start>:<Koniec'!C16) -> 36323.95 | D16: =SUM('Start>:<Koniec'!D16) -> 41572.25 | E16: =SUM('Start>:<Koniec'!E16) -> 52411.35 | F16: =SUM('Start>:<Koniec'!F16) -> 48399 | G16: =SUM(B16:F16) -> 226092.7
A17: Suma końcowa | B17: =SUM(B6:B16) -> 521636.55 | C17: =SUM(C6:C16) -> 515673.05 | D17: =SUM(D6:D16) -> 493414.95 | E17: =SUM(E6:E16) -> 525722.7 | F17: =SUM(F6:F16) -> 520301.35 | G17: =SUM(B17:F17) -> 2576748.6

Sheet Dolnośląskie
A2: Województwo | B2: Dolnośląskie
A4: Suma z Sprzedaż | B4: Produkt
A5: Sprzedawca | B5: Chmura | C5: Burza | D5: Piorun | E5: Słońce | F5: Tęcza | G5: Suma końcowa
A6: Alex | B6: 6962.95 | C6: 4756.35 | D6: 5114.8 | E6: 6500.1 | F6: 1759.2 | G6: =SUM(B6:F6) -> 25093.4
A7: Gloria | B7: 2261.7 | C7: 4252.95 | E7: 4420.2 | F7: 2944.6 | G7: =SUM(B7:F7) -> 13879.45
A8: Idol | B8: 3740.9 | C8: 5982.2 | D8: 2791.1 | E8: 2841.7 | F8: 4012.65 | G8: =SUM(B8:F8) -> 19368.55
A9: Julian | B9: 8177.1 | C9: 4159.35 | D9: 3351.2 | F9: 9082.35 | G9: =SUM(B9:F9) -> 24770
A10: Marlena | B10: 6140.95 | C10: 5530.6 | D10: 6587.45 | E10: 1431.85 | F10: 3929.55 | G10: =SUM(B10:F10) -> 23620.4
A11: Marlin | B11: 2233.85 | C11: 1657.7 | D11: 5461.55 | E11: 7363.3 | F11: 7134.5 | G11: =SUM(B11:F11) -> 23850.9
A12: Marty | B12: 5125.45 | C12: 4860.55 | D12: 1353.35 | E12: 3342.1 | F12: 10504 | G12: =SUM(B12:F12) -> 25185.45
A13: Maurice | B13: 3995.3 | C13: 7077.05 | D13: 5661.1 | E13: 5145.9 | F13: 2938.45 | G13: =SUM(B13:F13) -> 24817.8
A14: Melman | B14: 5478.3 | C14: 6486.75 | D14: 3050.65 | E14: 6535.35 | F14: 3938.2 | G14: =SUM(B14:F14) -> 25489.25
A15: Nemo | B15: 2325.1 | C15: 4949.5 | D15: 2822.25 | E15: 2748.45 | G15: =SUM(B15:F15) -> 12845.3
A16: Skipper | B16: 4255.55 | C16: 708.8 | D16: 7198.55 | E16: 4308.3 | F16: 5183.35 | G16: =SUM(B16:F16) -> 21654.55
A17: Suma końcowa | B17: =SUM(B6:B16) -> 50697.15 | C17: =SUM(C6:C16) -> 50421.8 | D17: =SUM(D6:D16) -> 43392 | E17: =SUM(E6:E16) -> 44637.25 | F17: =SUM(F6:F16) -> 51426.85 | G17: =SUM(B17:F17) -> 240575.05

Sheet Lubuskie
A2: Województwo | B2: Lubuskie
A4: Suma z Sprzedaż | B4: Produkt
A5: Sprzedawca | B5: Chmura | C5: Burza | D5: Piorun | E5: Słońce | F5: Tęcza | G5: Suma końcowa
A6: Alex | B6: 6027.55 | C6: 3027.9 | D6: 9101.8 | E6: 5528.1 | F6: 4207.15 | G6: =SUM(B6:F6) -> 27892.5
A7: Gloria | B7: 3481.3 | C7: 5007 | D7: 2609.05 | E7: 9059.55 | F7: 3066.4 | G7: =SUM(B7:F7) -> 23223.3
A8: Idol | B8: 6192 | C8: 3848.5 | D8: 6092.3 | F8: 4815.5 | G8: =SUM(B8:F8) -> 20948.3
A9: Julian | B9: 3844.95 | C9: 3561.4 | D9: 6579.6 | E9: 2178.3 | F9: 3673.95 | G9: =SUM(B9:F9) -> 19838.2
A10: Marlena | B10: 1962.55 | C10: 7250.55 | D10: 5477.65 | E10: 2352.6 | F10: 2989.25 | G10: =SUM(B10:F10) -> 20032.6
A11: Marlin | B11: 3840.65 | C11: 6657.7 | D11: 1338.9 | E11: 5179.95 | F11: 2440.05 | G11: =SUM(B11:F11) -> 19457.25
A12: Marty | B12: 1994.45 | D12: 8134 | E12: 3212.9 | F12: 1199.25 | G12: =SUM(B12:F12) -> 14540.6
A13: Maurice | B13: 8357.85 | C13: 4225.5 | D13: 5665.8 | F13: 4674.6 | G13: =SUM(B13:F13) -> 22923.75
A14: Melman | B14: 2478.2 | C14: 6591.95 | D14: 1369.9 | E14: 5127.85 | F14: 3114.3 | G14: =SUM(B14:F14) -> 18682.2
A15: Nemo | B15: 6080.9 | C15: 7740.1 | D15: 2947.8 | E15: 4721.05 | F15: 4330.95 | G15: =SUM(B15:F15) -> 25820.8
A16: Skipper | B16: 3148.8 | C16: 672.05 | D16: 1470.3 | E16: 2063.8 | F16: 6221.55 | G16: =SUM(B16:F16) -> 13576.5
A17: Suma końcowa | B17: =SUM(B6:B16) -> 47409.2 | C17: =SUM(C6:C16) -> 48582.65 | D17: =SUM(D6:D16) -> 50787.1 | E17: =SUM(E6:E16) -> 39424.1 | F17: =SUM(F6:F16) -> 40732.95 | G17: =SUM(B17:F17) -> 226936

Sheet Start>

Sheet Kujawsko-pomorskie
A2: Województwo | B2: Kujawsko-pomorskie
A4: Suma z Sprzedaż | B4: Produkt
A5: Sprzedawca | B5: Chmura | C5: Burza | D5: Piorun | E5: Słońce | F5: Tęcza | G5: Suma końcowa
A6: Alex | B6: 6031.2 | D6: 7917 | E6: 1997.45 | F6: 3449.95 | G6: =SUM(B6:F6) -> 19395.6
A7: Gloria | B7: 5175.2 | C7: 6851.75 | D7: 4990.65 | E7: 6609.45 | F7: 7257.25 | G7: =SUM(B7:F7) -> 30884.3
A8: Idol | B8: 3221.55 | C8: 4825.1 | D8: 5754.65 | E8: 653.35 | F8: 7853.65 | G8: =SUM(B8:F8) -> 22308.3
A9: Julian | B9: 3598 | C9: 1880.05 | D9: 8811 | E9: 2078.55 | F9: 3963.4 | G9: =SUM(B9:F9) -> 20331
A10: Marlena | B10: 1386.2 | C10: 8229.25 | D10: 1522.1 | E10: 3553.95 | F10: 1397.95 | G10: =SUM(B10:F10) -> 16089.45
A11: Marlin | B11: 3732 | C11: 337.85 | E11: 2641.8 | F11: 5771.95 | G11: =SUM(B11:F11) -> 12483.6
A12: Marty | C12: 10463.25 | D12: 6563.15 | E12: 4535.7 | F12: 4294.5 | G12: =SUM(B12:F12) -> 25856.6
A13: Maurice | B13: 3407.7 | C13: 3449.55 | D13: 2920.6 | E13: 7140.15 | F13: 3715.8 | G13: =SUM(B13:F13) -> 20633.8
A14: Melman | B14: 330.2 | C14: 5407.75 | D14: 3400 | E14: 6934.4 | F14: 10390.4 | G14: =SUM(B14:F14) -> 26462.75
A15: Nemo | B15: 7525.05 | C15: 2475.45 | D15: 1161.85 | E15: 3743.3 | F15: 4149.05 | G15: =SUM(B15:F15) -> 19054.7
A16: Skipper | B16: 2793.1 | C16: 4339.55 | D16: 3907.05 | E16: 8411.5 | F16: 8171.4 | G16: =SUM(B16:F16) -> 27622.6
A17: Suma końcowa | B17: =SUM(B6:B16) -> 37200.2 | C17: =SUM(C6:C16) -> 48259.55 | D17: =SUM(D6:D16) -> 46948.05 | E17: =SUM(E6:E16) -> 48299.6 | F17: =SUM(F6:F16) -> 60415.3 | G17: =SUM(B17:F17) -> 241122.7

Sheet Lubelskie
A2: Województwo | B2: Lubelskie
A4: Suma z Sprzedaż | B4: Produkt
A5: Sprzedawca | B5: Chmura | C5: Burza | D5: Piorun | E5: Słońce | F5: Tęcza | G5: Suma końcowa
A6: Alex | B6: 1920.35 | C6: 1583.25 | D6: 2685.65 | E6: 5016.45 | F6: 3998.9 | G6: =SUM(B6:F6) -> 15204.6
A7: Gloria | B7: 1015.05 | C7: 3069.15 | D7: 1352.2 | E7: 5045.25 | F7: 2502.6 | G7: =SUM(B7:F7) -> 12984.25
A8: Idol | B8: 5357.3 | C8: 5473.15 | D8: 8118.65 | E8: 9454 | F8: 5528.95 | G8: =SUM(B8:F8) -> 33932.05
A9: Julian | B9: 5555.6 | C9: 8148.9 | D9: 1341.95 | E9: 5548.75 | F9: 2902.1 | G9: =SUM(B9:F9) -> 23497.3
A10: Marlena | B10: 6923.1 | C10: 3405.35 | D10: 1610.15 | E10: 3448.2 | F10: 5834.35 | G10: =SUM(B10:F10) -> 21221.15
A11: Marlin | B11: 8079.6 | C11: 2133.55 | D11: 2171.8 | E11: 7358.8 | F11: 4642.4 | G11: =SUM(B11:F11) -> 24386.15
A12: Marty | B12: 8901.2 | C12: 6786.75 | D12: 6579.45 | E12: 8180.8 | F12: 1958.75 | G12: =SUM(B12:F12) -> 32406.95
A13: Maurice | B13: 5041.65 | C13: 3214.05 | D13: 4122.4 | E13: 3845.35 | F13: 1019.6 | G13: =SUM(B13:F13) -> 17243.05
A14: Melman | B14: 5105.95 | C14: 6914.05 | D14: 1183.8 | E14: 5223.3 | F14: 2939 | G14: =SUM(B14:F14) -> 21366.1
A15: Nemo | B15: 1821.05 | C15: 4531.45 | D15: 2575.35 | E15: 5536.15 | F15: 7826.15 | G15: =SUM(B15:F15) -> 22290.15
A16: Skipper | B16: 7267.5 | C16: 5137.55 | D16: 2688.7 | E16: 5514.9 | F16: 3240.75 | G16: =SUM(B16:F16) -> 23849.4
A17: Suma końcowa | B17: =SUM(B6:B16) -> 56988.35 | C17: =SUM(C6:C16) -> 50397.2 | D17: =SUM(D6:D16) -> 34430.1 | E17: =SUM(E6:E16) -> 64171.95 | F17: =SUM(F6:F16) -> 42393.55 | G17: =SUM(B17:F17) -> 248381.15

Sheet Łódzkie
A2: Województwo | B2: Łódzkie
A4: Suma z Sprzedaż | B4: Produkt
A5: Sprzedawca | B5: Chmura | C5: Burza | D5: Piorun | E5: Słońce | F5: Tęcza | G5: Suma końcowa
A6: Alex | B6: 3877.15 | C6: 3765.55 | D6: 2299.3 | E6: 5092.4 | F6: 7454.85 | G6: =SUM(B6:F6) -> 22489.25
A7: Gloria | B7: 8717.8 | C7: 3475.95 | D7: 1912.6 | E7: 1688.75 | F7: 712.75 | G7: =SUM(B7:F7) -> 16507.85
A8: Idol | B8: 4315.95 | C8: 2251.15 | D8: 3773.8 | E8: 6230.8 | F8: 6863.75 | G8: =SUM(B8:F8) -> 23435.45
A9: Julian | B9: 5482 | C9: 3920 | D9: 1050.55 | E9: 5466.6 | F9: 6035.05 | G9: =SUM(B9:F9) -> 21954.2
A10: Marlena | B10: 7144.25 | C10: 5173.2 | D10: 9257.05 | E10: 1709.9 | F10: 4139.9 | G10: =SUM(B10:F10) -> 27424.3
A11: Marlin | B11: 7097.85 | C11: 8204.5 | D11: 2851.5 | E11: 4165.65 | F11: 978.7 | G11: =SUM(B11:F11) -> 23298.2
A12: Marty | B12: 3097.3 | C12: 5385.85 | D12: 5635.25 | E12: 6809.95 | F12: 2358.9 | G12: =SUM(B12:F12) -> 23287.25
A13: Maurice | B13: 6324.45 | C13: 3967.25 | D13: 3097.55 | E13: 4342.3 | F13: 7204.9 | G13: =SUM(B13:F13) -> 24936.45
A14: Melman | B14: 870.05 | C14: 9697.15 | D14: 6187.9 | E14: 793.1 | G14: =SUM(B14:F14) -> 17548.2
A15: Nemo | B15: 8943.15 | C15: 2365.65 | D15: 7274.2 | E15: 6952.35 | F15: 1051.2 | G15: =SUM(B15:F15) -> 26586.55
A16: Skipper | B16: 1929.1 | C16: 2842.9 | D16: 5422.55 | E16: 3455.1 | F16: 4002.15 | G16: =SUM(B16:F16) -> 17651.8
A17: Suma końcowa | B17: =SUM(B6:B16) -> 57799.05 | C17: =SUM(C6:C16) -> 51049.15 | D17: =SUM(D6:D16) -> 48762.25 | E17: =SUM(E6:E16) -> 46706.9 | F17: =SUM(F6:F16) -> 40802.15 | G17: =SUM(B17:F17) -> 245119.5

Sheet Małopolskie
A2: Województwo | B2: Małopolskie
A4: Suma z Sprzedaż | B4: Produkt
A5: Sprzedawca | B5: Chmura | C5: Burza | D5: Piorun | E5: Słońce | F5: Tęcza | G5: Suma końcowa
A6: Alex | B6: 4855.6 | C6: 2351.65 | D6: 5107.05 | E6: 1627 | F6: 3965.95 | G6: =SUM(B6:F6) -> 17907.25
A7: Gloria | B7: 3678.75 | C7: 7497.5 | D7: 2249.6 | E7: 2932.6 | F7: 6975.65 | G7: =SUM(B7:F7) -> 23334.1
A8: Idol | B8: 2270.75 | C8: 4773.7 | D8: 1404.75 | E8: 5232.7 | F8: 3450.25 | G8: =SUM(B8:F8) -> 17132.15
A9: Julian | B9: 7179.05 | C9: 3863.7 | D9: 7709.6 | E9: 7646.35 | F9: 6619.35 | G9: =SUM(B9:F9) -> 33018.05
A10: Marlena | B10: 4340.35 | C10: 5194.8 | D10: 3391.7 | E10: 6573.9 | F10: 5566.75 | G10: =SUM(B10:F10) -> 25067.5
A11: Marlin | B11: 2934.9 | C11: 271.2 | D11: 1491.05 | E11: 6852.95 | F11: 4905.8 | G11: =SUM(B11:F11) -> 16455.9
A12: Marty | B12: 1965.05 | C12: 6475.1 | D12: 6663 | E12: 4572.45 | F12: 1314.7 | G12: =SUM(B12:F12) -> 20990.3
A13: Maurice | B13: 1675.65 | C13: 6860.05 | D13: 3105.3 | E13: 4464.7 | F13: 112.3 | G13: =SUM(B13:F13) -> 16218
A14: Melman | B14: 8034.45 | C14: 4272.05 | D14: 3532.1 | E14: 835.65 | F14: 5804.7 | G14: =SUM(B14:F14) -> 22478.95
A15: Nemo | C15: 2379.05 | D15: 5369.9 | E15: 6050.3 | F15: 3927 | G15: =SUM(B15:F15) -> 17726.25
A16: Skipper | B16: 5129.3 | C16: 4720.55 | D16: 7322.35 | E16: 1343.45 | F16: 3615.7 | G16: =SUM(B16:F16) -> 22131.35
A17: Suma końcowa | B17: =SUM(B6:B16) -> 42063.85 | C17: =SUM(C6:C16) -> 48659.35 | D17: =SUM(D6:D16) -> 47346.4 | E17: =SUM(E6:E16) -> 48132.05 | F17: =SUM(F6:F16) -> 46258.15 | G17: =SUM(B17:F17) -> 232459.8

Sheet Mazowieckie
A2: Województwo | B2: Mazowieckie
A4: Suma z Sprzedaż | B4: Produkt
A5: Sprzedawca | B5: Chmura | C5: Burza | D5: Piorun | E5: Słońce | F5: Tęcza | G5: Suma końcowa
A6: Alex | B6: 3173.3 | D6: 6167.75 | E6: 5230.5 | F6: 1602.25 | G6: =SUM(B6:F6) -> 16173.8
A7: Gloria | B7: 4101.2 | C7: 2424 | D7: 1080.7 | E7: 3647.2 | F7: 152 | G7: =SUM(B7:F7) -> 11405.1
A8: Idol | B8: 2628.15 | C8: 5862.2 | D8: 3992.75 | E8: 1256.3 | F8: 3125.75 | G8: =SUM(B8:F8) -> 16865.15
A9: Julian | B9: 3183.6 | C9: 4402.35 | D9: 2231.4 | E9: 3875.4 | F9: 4946.35 | G9: =SUM(B9:F9) -> 18639.1
A10: Marlena | B10: 8191.55 | C10: 3155.85 | D10: 5115.25 | E10: 1012.8 | F10: 7846.55 | G10: =SUM(B10:F10) -> 25322
A11: Marlin | B11: 3615.2 | C11: 1250.55 | D11: 3626.95 | E11: 5130.4 | F11: 4224.4 | G11: =SUM(B11:F11) -> 17847.5
A12: Marty | B12: 6991.9 | C12: 1825.6 | D12: 167.1 | E12: 1874.75 | F12: 3224.75 | G12: =SUM(B12:F12) -> 14084.1
A13: Maurice | B13: 1971.35 | C13: 7821.9 | D13: 7589.05 | E13: 4590.15 | F13: 5872.15 | G13: =SUM(B13:F13) -> 27844.6
A14: Melman | B14: 4051.2 | C14: 5925.1 | D14: 6479.35 | E14: 942.35 | F14: 5797.25 | G14: =SUM(B14:F14) -> 23195.25
A15: Nemo | B15: 4847.5 | C15: 4585.4 | D15: 5024.8 | E15: 5779.3 | F15: 3980.25 | G15: =SUM(B15:F15) -> 24217.25
A16: Skipper | B16: 5215.6 | C16: 3557.15 | D16: 3230.35 | E16: 5262.8 | F16: 6883.15 | G16: =SUM(B16:F16) -> 24149.05
A17: Suma końcowa | B17: =SUM(B6:B16) -> 47970.55 | C17: =SUM(C6:C16) -> 40810.1 | D17: =SUM(D6:D16) -> 44705.45 | E17: =SUM(E6:E16) -> 38601.95 | F17: =SUM(F6:F16) -> 47654.85 | G17: =SUM(B17:F17) -> 219742.9

Sheet Opolskie
A2: Województwo | B2: Opolskie
A4: Suma z Sprzedaż | B4: Produkt
A5: Sprzedawca | B5: Chmura | C5: Burza | D5: Piorun | E5: Słońce | F5: Tęcza | G5: Suma końcowa
A6: Alex | B6: 3921.2 | C6: 7373.45 | D6: 3317.2 | E6: 2967.55 | F6: 5601.3 | G6: =SUM(B6:F6) -> 23180.7
A7: Gloria | B7: 9832.5 | C7: 1402.85 | D7: 3429.85 | E7: 4923.25 | F7: 11971 | G7: =SUM(B7:F7) -> 31559.45
A8: Idol | B8: 2447.75 | C8: 5381.45 | D8: 2456.95 | E8: 3279.5 | F8: 3915.3 | G8: =SUM(B8:F8) -> 17480.95
A9: Julian | B9: 6639.4 | D9: 2888.6 | E9: 4285.85 | F9: 4184.6 | G9: =SUM(B9:F9) -> 17998.45
A10: Marlena | B10: 4836.4 | C10: 1912.95 | D10: 1026.5 | E10: 1198.15 | F10: 2640.7 | G10: =SUM(B10:F10) -> 11614.7
A11: Marlin | B11: 7739.25 | C11: 3239.6 | D11: 8886.35 | E11: 4213.6 | F11: 1365.65 | G11: =SUM(B11:F11) -> 25444.45
A12: Marty | B12: 3887 | C12: 5096.35 | D12: 3671.05 | E12: 3488.35 | F12: 4729.5 | G12: =SUM(B12:F12) -> 20872.25
A13: Maurice | B13: 4578.85 | C13: 3489.45 | D13: 8263.7 | E13: 5828.3 | F13: 4205.15 | G13: =SUM(B13:F13) -> 26365.45
A14: Melman | B14: 1597.5 | C14: 11993.05 | E14: 3836.15 | F14: 6198.25 | G14: =SUM(B14:F14) -> 23624.95
A15: Nemo | B15: 1606.55 | C15: 2960 | D15: 8844.75 | E15: 1699.85 | F15: 8801.05 | G15: =SUM(B15:F15) -> 23912.2
A16: Skipper | B16: 3619.6 | C16: 2779.35 | D16: 1298 | E16: 4878.9 | F16: 3876.15 | G16: =SUM(B16:F16) -> 16452
A17: Suma końcowa | B17: =SUM(B6:B16) -> 50706 | C17: =SUM(C6:C16) -> 45628.5 | D17: =SUM(D6:D16) -> 44082.95 | E17: =SUM(E6:E16) -> 40599.45 | F17: =SUM(F6:F16) -> 57488.65 | G17: =SUM(B17:F17) -> 238505.55

Sheet Podkarpackie
A2: Województwo | B2: Podkarpackie
A4: Suma z Sprzedaż | B4: Produkt
A5: Sprzedawca | B5: Chmura | C5: Burza | D5: Piorun | E5: Słońce | F5: Tęcza | G5: Suma końcowa
A6: Alex | B6: 6588.2 | C6: 3880.1 | D6: 4676.25 | E6: 2908.05 | F6: 6320.65 | G6: =SUM(B6:F6) -> 24373.25
A7: Gloria | B7: 5350.85 | C7: 3784.35 | D7: 9945.9 | E7: 3511.65 | F7: 2857.7 | G7: =SUM(B7:F7) -> 25450.45
A8: Idol | B8: 1748.6 | C8: 4834.3 | D8: 2923.8 | E8: 2275.85 | F8: 1162.45 | G8: =SUM(B8:F8) -> 12945
A9: Julian | B9: 4217.55 | C9: 3114.4 | D9: 3803.2 | E9: 1013.35 | F9: 4843.75 | G9: =SUM(B9:F9) -> 16992.25
A10: Marlena | B10: 4758.1 | C10: 4447.5 | D10: 3708.4 | E10: 7123.65 | F10: 2379.9 | G10: =SUM(B10:F10) -> 22417.55
A11: Marlin | B11: 6274.25 | C11: 4993.2 | D11: 2806.1 | E11: 9368.55 | F11: 2997.85 | G11: =SUM(B11:F11) -> 26439.95
A12: Marty | B12: 3276.8 | C12: 3581.3 | D12: 3079.8 | E12: 3371.3 | F12: 3058.05 | G12: =SUM(B12:F12) -> 16367.25
A13: Maurice | B13: 2203.75 | C13: 7524.45 | D13: 4613.7 | E13: 3143.25 | F13: 3949.5 | G13: =SUM(B13:F13) -> 21434.65
A14: Melman | B14: 5066.85 | C14: 5780.3 | D14: 3962.4 | E14: 1692.95 | F14: 2905.6 | G14: =SUM(B14:F14) -> 19408.1
A15: Nemo | B15: 266.35 | C15: 1473.7 | D15: 2442.25 | E15: 5597 | F15: 1685.1 | G15: =SUM(B15:F15) -> 11464.4
A16: Skipper | B16: 5297.85 | C16: 1115.55 | D16: 2168.5 | E16: 6239.2 | F16: 2196.9 | G16: =SUM(B16:F16) -> 17018
A17: Suma końcowa | B17: =SUM(B6:B16) -> 45049.15 | C17: =SUM(C6:C16) -> 44529.15 | D17: =SUM(D6:D16) -> 44130.3 | E17: =SUM(E6:E16) -> 46244.8 | F17: =SUM(F6:F16) -> 34357.45 | G17: =SUM(B17:F17) -> 214310.85

Sheet Podlaskie
A2: Województwo | B2: Podlaskie
A4: Suma z Sprzedaż | B4: Produkt
A5: Sprzedawca | B5: Chmura | C5: Burza | D5: Piorun | E5: Słońce | F5: Tęcza | G5: Suma końcowa
A6: Alex | B6: 6490.2 | C6: 429.05 | D6: 6262.45 | E6: 3453.2 | F6: 4380.5 | G6: =SUM(B6:F6) -> 21015.4
A7: Gloria | B7: 6314.2 | C7: 2075 | D7: 3926.2 | E7: 3069.05 | F7: 4961.35 | G7: =SUM(B7:F7) -> 20345.8
A8: Idol | B8: 6097.65 | C8: 4335.05 | D8: 2543.25 | E8: 5829 | F8: 1050.4 | G8: =SUM(B8:F8) -> 19855.35
A9: Julian | B9: 8018.05 | C9: 3409.35 | D9: 1050.7 | E9: 4087.5 | F9: 412.45 | G9: =SUM(B9:F9) -> 16978.05
A10: Marlena | B10: 1864.65 | C10: 3205.5 | D10: 9290.65 | E10: 5729.75 | F10: 4132.1 | G10: =SUM(B10:F10) -> 24222.65
A11: Marlin | B11: 3309.4 | C11: 4350.15 | D11: 2725.15 | E11: 3042.2 | F11: 1884.4 | G11: =SUM(B11:F11) -> 15311.3
A12: Marty | B12: 2479.6 | C12: 2612.2 | D12: 5674.8 | E12: 1469.95 | F12: 3594.7 | G12: =SUM(B12:F12) -> 15831.25
A13: Maurice | B13: 2221 | C13: 6195.85 | D13: 4355.75 | E13: 3332.1 | F13: 3769.2 | G13: =SUM(B13:F13) -> 19873.9
A14: Melman | B14: 6464.8 | C14: 5386.75 | D14: 4766.65 | E14: 2671.25 | F14: 4025.4 | G14: =SUM(B14:F14) -> 23314.85
A15: Nemo | B15: 4654.8 | C15: 9621.3 | D15: 4788.8 | E15: 2140.9 | F15: 4096.8 | G15: =SUM(B15:F15) -> 25302.6
A16: Skipper | B16: 3034.3 | C16: 1468.5 | D16: 784.35 | E16: 3596.15 | F16: 6555.95 | G16: =SUM(B16:F16) -> 15439.25
A17: Suma końcowa | B17: =SUM(B6:B16) -> 50948.65 | C17: =SUM(C6:C16) -> 43088.7 | D17: =SUM(D6:D16) -> 46168.75 | E17: =SUM(E6:E16) -> 38421.05 | F17: =SUM(F6:F16) -> 38863.25 | G17: =SUM(B17:F17) -> 217490.4

Sheet Pomorskie
A2: Województwo | B2: Pomorskie
A4: Suma z Sprzedaż | B4: Produkt
A5: Sprzedawca | B5: Chmura | C5: Burza | D5: Piorun | E5: Słońce | F5: Tęcza | G5: Suma końcowa
A6: Alex | B6: 2337.3 | C6: 2552.65 | D6: 2076.2 | E6: 9070.45 | F6: 3834 | G6: =SUM(B6:F6) -> 19870.6
A7: Gloria | B7: 1011.4 | C7: 144.4 | D7: 4500.7 | E7: 896.35 | F7: 4985.75 | G7: =SUM(B7:F7) -> 11538.6
A8: Idol | B8: 2425.25 | C8: 4146.1 | D8: 3754.45 | E8: 4872.55 | F8: 11076.5 | G8: =SUM(B8:F8) -> 26274.85
A9: Julian | B9: 5026.95 | C9: 2493.5 | D9: 4165.4 | E9: 2282.3 | F9: 4172.05 | G9: =SUM(B9:F9) -> 18140.2
A10: Marlena | B10: 8189.5 | C10: 4084.15 | D10: 5978.65 | E10: 6957.4 | F10: 5310.05 | G10: =SUM(B10:F10) -> 30519.75
A11: Marlin | B11: 4570.9 | C11: 5731.7 | D11: 6345.3 | E11: 2531.1 | F11: 1515.5 | G11: =SUM(B11:F11) -> 20694.5
A12: Marty | B12: 7572.5 | C12: 4334.8 | D12: 2383.7 | E12: 4495.95 | F12: 1811.55 | G12: =SUM(B12:F12) -> 20598.5
A13: Maurice | B13: 1309.65 | C13: 3351.95 | D13: 2406.6 | E13: 1483.8 | F13: 12773.95 | G13: =SUM(B13:F13) -> 21325.95
A14: Melman | B14: 6361.6 | C14: 6571.45 | D14: 4194.45 | E14: 2589.25 | F14: 5331.15 | G14: =SUM(B14:F14) -> 25047.9
A15: Nemo | B15: 4519.15 | C15: 7747.55 | D15: 4937.9 | E15: 3177.9 | F15: 2613.35 | G15: =SUM(B15:F15) -> 22995.85
A16: Skipper | B16: 5373.7 | C16: 3131.75 | D16: 3762.25 | E16: 5158.9 | F16: 5129.25 | G16: =SUM(B16:F16) -> 22555.85
A17: Suma końcowa | B17: =SUM(B6:B16) -> 48697.9 | C17: =SUM(C6:C16) -> 44290 | D17: =SUM(D6:D16) -> 44505.6 | E17: =SUM(E6:E16) -> 43515.95 | F17: =SUM(F6:F16) -> 58553.1 | G17: =SUM(B17:F17) -> 239562.55

Sheet Śląskie
A2: Województwo | B2: Śląskie
A4: Suma z Sprzedaż | B4: Produkt
A5: Sprzedawca | B5: Chmura | C5: Burza | D5: Piorun | E5: Słońce | F5: Tęcza | G5: Suma końcowa
A6: Alex | B6: 1132.9 | C6: 914.65 | D6: 5096.8 | E6: 7018.75 | F6: 5931.95 | G6: =SUM(B6:F6) -> 20095.05
A7: Gloria | B7: 3226.2 | C7: 10119.55 | D7: 10065 | E7: 2403.7 | F7: 4428.25 | G7: =SUM(B7:F7) -> 30242.7
A8: Idol | B8: 2954.25 | C8: 4530 | D8: 2981.5 | E8: 3822 | F8: 5519.2 | G8: =SUM(B8:F8) -> 19806.95
A9: Julian | B9: 6133.8 | C9: 5179.25 | D9: 1266.8 | E9: 6025.35 | F9: 6003.4 | G9: =SUM(B9:F9) -> 24608.6
A10: Marlena | B10: 4320.35 | C10: 2912.05 | D10: 4479.1 | E10: 4475.6 | F10: 142.4 | G10: =SUM(B10:F10) -> 16329.5
A11: Marlin | B11: 10543.75 | C11: 2087.95 | D11: 4099.9 | E11: 6778.45 | F11: 4841.8 | G11: =SUM(B11:F11) -> 28351.85
A12: Marty | B12: 6950.5 | C12: 3236.9 | D12: 2122.45 | E12: 10622.2 | F12: 5866.75 | G12: =SUM(B12:F12) -> 28798.8
A13: Maurice | B13: 2582.3 | C13: 3686.6 | D13: 3829.55 | E13: 2410.1 | F13: 726.5 | G13: =SUM(B13:F13) -> 13235.05
A14: Melman | B14: 2118.5 | C14: 8446.2 | D14: 1949.5 | E14: 6864.6 | F14: 8311.3 | G14: =SUM(B14:F14) -> 27690.1
A15: Nemo | B15: 713.15 | C15: 6302.45 | D15: 4225.6 | E15: 5752.1 | F15: 3284.4 | G15: =SUM(B15:F15) -> 20277.7
A16: Skipper | B16: 3158.9 | C16: 6173.55 | D16: 7782.9 | E16: 4136.1 | F16: 2805.35 | G16: =SUM(B16:F16) -> 24056.8
A17: Suma końcowa | B17: =SUM(B6:B16) -> 43834.6 | C17: =SUM(C6:C16) -> 53589.15 | D17: =SUM(D6:D16) -> 47899.1 | E17: =SUM(E6:E16) -> 60308.95 | F17: =SUM(F6:F16) -> 47861.3 | G17: =SUM(B17:F17) -> 253493.1

Sheet Świętokrzyskie
A2: Województwo | B2: Świętokrzyskie
A4: Suma z Sprzedaż | B4: Produkt
A5: Sprzedawca | B5: Chmura | C5: Burza | D5: Piorun | E5: Słońce | F5: Tęcza | G5: Suma końcowa
A6: Alex | B6: 4555.15 | C6: 2972.7 | D6: 4404 | E6: 3516.45 | F6: 4202.3 | G6: =SUM(B6:F6) -> 19650.6
A7: Gloria | B7: 2880.75 | C7: 5320.85 | D7: 1798.6 | E7: 3151.45 | F7: 5149.3 | G7: =SUM(B7:F7) -> 18300.95
A8: Idol | B8: 6373.7 | C8: 2954.65 | D8: 5800.15 | E8: 5839.35 | F8: 2323.6 | G8: =SUM(B8:F8) -> 23291.45
A9: Julian | B9: 8845.2 | C9: 1144.85 | D9: 2992.85 | E9: 4643.1 | F9: 3142.55 | G9: =SUM(B9:F9) -> 20768.55
A10: Marlena | B10: 1496 | C10: 2746 | D10: 4774.2 | E10: 7078.5 | F10: 6276.65 | G10: =SUM(B10:F10) -> 22371.35
A11: Marlin | B11: 2464.55 | C11: 4696.9 | D11: 3844.75 | E11: 7214.55 | F11: 2549.7 | G11: =SUM(B11:F11) -> 20770.45
A12: Marty | B12: 2985.3 | C12: 4745.8 | D12: 809.85 | E12: 5752.1 | F12: 5158.45 | G12: =SUM(B12:F12) -> 19451.5
A13: Maurice | B13: 1771.85 | C13: 4715.6 | D13: 2535.95 | E13: 1856.9 | F13: 4164.25 | G13: =SUM(B13:F13) -> 15044.55
A14: Melman | B14: 3637.2 | C14: 10456.75 | D14: 10300.25 | E14: 2372.05 | F14: 4801.3 | G14: =SUM(B14:F14) -> 31567.55
A15: Nemo | B15: 801.35 | C15: 4560.55 | D15: 3970.15 | E15: 4881.25 | F15: 5963.25 | G15: =SUM(B15:F15) -> 20176.55
A16: Skipper | B16: 4567.2 | C16: 1057.55 | D16: 3205.25 | E16: 4414.35 | F16: 1922.25 | G16: =SUM(B16:F16) -> 15166.6
A17: Suma końcowa | B17: =SUM(B6:B16) -> 40378.25 | C17: =SUM(C6:C16) -> 45372.2 | D17: =SUM(D6:D16) -> 44436 | E17: =SUM(E6:E16) -> 50720.05 | F17: =SUM(F6:F16) -> 45653.6 | G17: =SUM(B17:F17) -> 226560.1

Sheet <Koniec

Sheet Warmińsko-mazurskie
A2: Województwo | B2: Warmińsko-mazurskie
A4: Suma z Sprzedaż | B4: Produkt
A5: Sprzedawca | B5: Chmura | C5: Burza | D5: Piorun | E5: Słońce | F5: Tęcza | G5: Suma końcowa
A6: Alex | B6: 3545.5 | C6: 6550.6 | D6: 5288.4 | E6: 5772.3 | F6: 10379.9 | G6: =SUM(B6:F6) -> 31536.7
A7: Gloria | B7: 814.9 | C7: 188.05 | D7: 3052.35 | E7: 5274.25 | F7: 3568.6 | G7: =SUM(B7:F7) -> 12898.15
A8: Idol | B8: 1922.6 | C8: 4810.25 | D8: 4895.7 | E8: 5935.6 | F8: 8102.6 | G8: =SUM(B8:F8) -> 25666.75
A9: Julian | B9: 2962.25 | C9: 4189.9 | D9: 6114.5 | E9: 5996.5 | F9: 11093 | G9: =SUM(B9:F9) -> 30356.15
A10: Marlena | B10: 8144.1 | C10: 1552.2 | D10: 8442.6 | E10: 1746.65 | F10: 3588.25 | G10: =SUM(B10:F10) -> 23473.8
A11: Marlin | B11: 5007.1 | C11: 4527.3 | D11: 1755.3 | E11: 2485.75 | F11: 5924.1 | G11: =SUM(B11:F11) -> 19699.55
A12: Marty | B12: 6706 | D12: 2398.8 | E12: 2876 | F12: 1415.35 | G12: =SUM(B12:F12) -> 13396.15
A13: Maurice | B13: 1799.05 | C13: 3155.5 | D13: 6028.5 | E13: 2358.4 | F13: 5104.2 | G13: =SUM(B13:F13) -> 18445.65
A14: Melman | C14: 2835.3 | D14: 4542.95 | E14: 1953.15 | F14: 4943.65 | G14: =SUM(B14:F14) -> 14275.05
A15: Nemo | B15: 5140.45 | C15: 244.35 | D15: 7094.7 | E15: 4954.4 | F15: 5240.45 | G15: =SUM(B15:F15) -> 22674.35
A16: Skipper | B16: 5616.7 | C16: 5248.65 | D16: 1327.85 | E16: 4722.1 | F16: 7601.1 | G16: =SUM(B16:F16) -> 24516.4
A17: Suma końcowa | B17: =SUM(B6:B16) -> 41658.65 | C17: =SUM(C6:C16) -> 33302.1 | D17: =SUM(D6:D16) -> 50941.65 | E17: =SUM(E6:E16) -> 44075.1 | F17: =SUM(F6:F16) -> 66961.2 | G17: =SUM(B17:F17) -> 236938.7

Sheet Wielkopolskie
A2: Województwo | B2: Wielkopolskie
A4: Suma z Sprzedaż | B4: Produkt
A5: Sprzedawca | B5: Chmura | C5: Burza | D5: Piorun | E5: Słońce | F5: Tęcza | G5: Suma końcowa
A6: Alex | B6: 3899.9 | C6: 6499.55 | D6: 1778.6 | E6: 2726.75 | F6: 4095.65 | G6: =SUM(B6:F6) -> 19000.45
A7: Gloria | B7: 3510.4 | C7: 3567.8 | D7: 1669.5 | E7: 8674.95 | F7: 1017.05 | G7: =SUM(B7:F7) -> 18439.7
A8: Idol | C8: 6519.95 | D8: 4322.75 | E8: 5130.15 | F8: 5949.15 | G8: =SUM(B8:F8) -> 21922
A9: Julian | B9: 5146.5 | C9: 4023.1 | D9: 7738.4 | E9: 2733.65 | F9: 2337.65 | G9: =SUM(B9:F9) -> 21979.3
A10: Marlena | B10: 5871.1 | C10: 8859.35 | D10: 3776.35 | E10: 1907.3 | F10: 4686.4 | G10: =SUM(B10:F10) -> 25100.5
A11: Marlin | B11: 2809.95 | C11: 4591.15 | D11: 6641.05 | E11: 2023.35 | F11: 2488.15 | G11: =SUM(B11:F11) -> 18553.65
A12: Marty | B12: 3092.7 | C12: 4091 | D12: 2042.4 | E12: 3781.2 | F12: 6429.45 | G12: =SUM(B12:F12) -> 19436.75
A13: Maurice | B13: 3684.5 | C13: 4323.9 | D13: 2984.25 | E13: 3950.65 | F13: 8533.8 | G13: =SUM(B13:F13) -> 23477.1
A14: Melman | B14: 4797.3 | C14: 3364.4 | D14: 2787.15 | E14: 4603.8 | F14: 1549.6 | G14: =SUM(B14:F14) -> 17102.25
A15: Nemo | B15: 2081.6 | C15: 2702.4 | D15: 4738.7 | E15: 4971.55 | F15: 2143.75 | G15: =SUM(B15:F15) -> 16638
A16: Skipper | B16: 1106 | C16: 2718.3 | D16: 1646.4 | E16: 2823.35 | F16: 1264.15 | G16: =SUM(B16:F16) -> 9558.2
A17: Suma końcowa | B17: =SUM(B6:B16) -> 35999.95 | C17: =SUM(C6:C16) -> 51260.9 | D17: =SUM(D6:D16) -> 40125.55 | E17: =SUM(E6:E16) -> 43326.7 | F17: =SUM(F6:F16) -> 40494.8 | G17: =SUM(B17:F17) -> 211207.9

Sheet Zachodniopomorskie
A2: Województwo | B2: Zachodniopomorskie
A4: Suma z Sprzedaż | B4: Produkt
A5: Sprzedawca | B5: Chmura | C5: Burza | D5: Piorun | E5: Słońce | F5: Tęcza | G5: Suma końcowa
A6: Alex | B6: 8322.95 | C6: 6133.6 | D6: 5455.4 | E6: 4909.7 | F6: 2769.6 | G6: =SUM(B6:F6) -> 27591.25
A7: Gloria | B7: 6061.8 | C7: 3358.1 | D7: 6405.7 | E7: 3502.4 | F7: 8294.7 | G7: =SUM(B7:F7) -> 27622.7
A8: Idol | B8: 11724.05 | C8: 994.6 | D8: 5234.75 | E8: 3582.3 | F8: 3882.35 | G8: =SUM(B8:F8) -> 25418.05
A9: Julian | B9: 6019.9 | C9: 3008.7 | D9: 6162.05 | E9: 3813 | F9: 3483.65 | G9: =SUM(B9:F9) -> 22487.3
A10: Marlena | B10: 2455.2 | C10: 4424.8 | D10: 2721.2 | E10: 3070.65 | F10: 2595.2 | G10: =SUM(B10:F10) -> 15267.05
A11: Marlin | B11: 5434.25 | C11: 4856.2 | D11: 6165.95 | E11: 2396.35 | F11: 1602.25 | G11: =SUM(B11:F11) -> 20455
A12: Marty | B12: 4927.1 | C12: 866.8 | D12: 10578.2 | E12: 2626.5 | F12: 5156.05 | G12: =SUM(B12:F12) -> 24154.65
A13: Maurice | B13: 4203 | C13: 8636 | D13: 9553.95 | E13: 3839.95 | F13: 3289.8 | G13: =SUM(B13:F13) -> 29522.7
A14: Melman | B14: 3004.95 | C14: 7250.3 | D14: 6540.1 | E14: 1898.45 | F14: 2696.65 | G14: =SUM(B14:F14) -> 21390.45
A15: Nemo | B15: 5549.6 | C15: 2678.7 | D15: 5247.5 | E15: 3586.25 | F15: 601.5 | G15: =SUM(B15:F15) -> 17663.55
A16: Skipper | B16: 5533.25 | C16: 2220.6 | D16: 6756.4 | E16: 5340.55 | F16: 4206.95 | G16: =SUM(B16:F16) -> 24057.75
A17: Suma końcowa | B17: =SUM(B6:B16) -> 63236.05 | C17: =SUM(C6:C16) -> 44428.4 | D17: =SUM(D6:D16) -> 70821.2 | E17: =SUM(E6:E16) -> 38566.1 | F17: =SUM(F6:F16) -> 38578.7 | G17: =SUM(B17:F17) -> 255630.45
